,Ram,Weight,Price,Gaming,Netbook,Notebook,Ultrabook,Workstation,Intel,Nvidia,Mac,Windows
0,8,1.37,11.175754549129524,0,0,0,1,0,1,0,1,0
1,8,1.34,10.77677731765335,0,0,0,1,0,1,0,1,0
2,8,1.86,10.329931067029484,0,0,1,0,0,1,0,0,0
3,16,1.83,11.814475944954545,0,0,0,1,0,0,0,1,0
4,8,1.37,11.473100972779063,0,0,0,1,0,1,0,1,0
5,4,2.1,9.967025573340116,0,0,1,0,0,0,0,0,1
6,16,2.04,11.64410811545818,0,0,0,1,0,1,0,1,0
7,8,1.34,11.03061499223515,0,0,0,1,0,1,0,1,0
8,16,1.3,11.28544251205692,0,0,0,1,0,0,1,0,1
9,8,1.6,10.621951541079865,0,0,0,1,0,1,0,0,1
10,4,1.86,9.951658096208996,0,0,1,0,0,1,0,0,0
11,4,1.86,9.81907645733616,0,0,1,0,0,1,0,0,0
12,16,1.83,11.775302049361828,0,0,0,1,0,0,0,1,0
13,4,2.2,10.187966701099125,0,0,1,0,0,0,0,0,1
14,8,0.92,11.116330976323743,0,0,0,1,0,1,0,1,0
15,8,1.37,11.301072237406668,0,0,0,1,0,1,0,1,0
16,8,2.2,10.588945244611692,0,0,1,0,0,0,0,0,1
17,16,1.83,11.933438384721946,0,0,0,1,0,0,0,1,0
18,8,2.2,10.188167121983652,0,0,1,0,0,0,1,0,0
19,8,1.22,10.862092668762644,0,0,0,1,0,1,0,0,1
20,2,0.98,9.232535429245788,0,1,0,0,0,1,0,0,1
21,8,2.5,10.882315804880689,1,0,0,0,0,0,1,0,1
22,4,1.86,9.528520611153752,0,0,1,0,0,0,0,0,0
23,8,1.62,10.683645110085203,0,0,0,0,0,1,0,0,1
24,8,1.91,10.46628456073464,0,0,0,1,0,1,0,0,1
25,4,2.3,10.012572388296086,0,0,1,0,0,1,0,0,1
26,8,1.35,10.977716980635757,0,0,0,1,0,1,0,1,0
27,8,2.2,10.660172753900062,0,0,1,0,0,0,0,0,1
28,8,1.88,11.144140923496169,0,0,0,1,0,1,0,0,1
29,8,2.5,10.773501439207063,0,0,1,0,0,0,1,0,1
30,4,1.89,9.476778419617322,0,0,1,0,0,1,0,0,1
31,2,1.65,9.268865850956626,0,0,1,0,0,0,0,0,1
32,4,2.71,10.060060439307303,0,0,1,0,0,0,0,0,1
33,16,1.2,11.508719833687696,0,0,0,1,0,1,0,0,1
34,8,1.35,10.881314302543595,0,0,0,1,0,1,0,1,0
35,4,1.44,9.49301392269684,0,0,1,0,0,1,0,0,1
36,4,2.1,9.880922874286703,0,0,1,0,0,1,0,0,0
37,8,2.8,10.862092668762644,0,0,1,0,0,0,0,0,1
38,4,1.86,10.167289367847482,0,0,1,0,0,1,0,0,1
39,8,2.1,10.754345923917311,0,0,1,0,0,0,1,0,1
40,4,2.0,9.93914036985058,0,0,1,0,0,1,0,0,0
41,16,2.65,11.288114524334732,1,0,0,0,0,0,1,0,1
42,8,2.3,10.235123369655367,0,0,1,0,0,0,1,0,0
43,4,2.2,10.500590684075595,0,0,1,0,0,1,0,0,1
44,12,2.77,10.882315804880689,0,0,0,0,0,0,1,0,1
45,8,1.37,11.233268703392175,0,0,0,1,0,1,0,1,0
46,4,2.2,9.88635767027266,0,0,1,0,0,1,0,0,0
47,8,3.2,11.144911042902732,1,0,0,0,0,0,0,0,1
48,4,2.3,10.435465480609668,0,0,1,0,0,0,0,0,1
49,4,2.8,10.11974666035778,0,0,1,0,0,0,1,0,1
50,4,0.69,9.74075212901698,0,0,0,0,0,1,0,0,0
51,8,2.2,10.71015268620508,0,0,1,0,0,0,1,0,1
52,4,1.86,9.963243430044656,0,0,1,0,0,0,0,0,1
53,8,1.49,10.981350045485636,0,0,1,0,0,1,0,0,1
54,4,2.4,9.92620357881986,0,0,1,0,0,1,0,0,1
55,8,2.13,10.619090308798832,0,0,1,0,0,0,0,0,1
56,4,1.91,10.060060439307303,0,0,1,0,0,1,0,0,1
57,4,2.0,10.349204995339194,0,0,1,0,0,1,0,0,1
58,16,2.43,11.7789960831843,1,0,0,0,0,0,1,0,1
59,4,2.0,10.003839546462832,0,0,1,0,0,1,0,0,0
60,16,2.8,11.144911042902732,0,0,1,0,0,0,0,0,1
61,8,1.7,10.754345923917311,0,0,0,1,0,1,0,0,1
62,8,1.7,10.370822624347584,0,0,1,0,0,1,0,0,0
63,8,1.4,10.822504165817511,0,0,1,0,0,1,0,0,1
64,8,1.86,10.51225262382344,0,0,1,0,0,1,0,0,1
65,16,1.8,11.56792715475193,0,0,0,1,0,0,1,0,1
66,4,1.86,10.059354039524033,0,0,1,0,0,0,0,0,1
67,4,1.44,9.409283029786373,0,0,1,0,0,1,0,0,1
68,4,1.9,10.283659467741664,0,0,1,0,0,1,0,0,1
69,12,3.0,10.83096982484206,1,0,0,0,0,0,1,0,0
70,4,1.252,10.968576149165091,0,0,0,1,0,1,0,0,1
71,8,1.4,10.837272366712863,0,0,0,1,0,0,0,0,1
72,8,2.2,10.744054237880762,0,0,1,0,0,0,0,0,1
73,8,2.7,10.974070668482735,1,0,0,0,0,0,1,0,1
74,8,2.1,9.93914036985058,0,0,1,0,0,1,0,0,1
75,8,2.2,10.83096982484206,1,0,0,0,0,0,1,0,1
76,8,2.2,10.227464909398025,0,0,1,0,0,1,0,0,0
77,8,2.02,10.726662495168894,0,0,1,0,0,1,0,0,1
78,4,2.2,10.2484380327783,0,0,1,0,0,0,1,0,1
79,8,2.5,10.860047678274915,0,0,1,0,0,0,1,0,1
80,8,1.88,10.975129468486722,0,0,0,1,0,1,0,0,1
81,8,0.92,11.295425956041104,0,0,0,1,0,1,0,1,0
82,8,1.63,10.732493415479688,0,0,1,0,0,1,0,0,1
83,4,2.2,9.964522443121997,0,0,1,0,0,0,0,0,1
84,4,2.1,9.954446791133256,0,0,1,0,0,0,0,0,1
85,16,2.65,11.18267988243989,1,0,0,0,0,0,1,0,1
86,8,1.83,10.525211768465944,0,0,0,1,0,0,1,0,1
87,8,1.96,10.370805929717411,0,0,1,0,0,1,0,0,1
88,16,2.2,11.254189968552817,1,0,0,0,0,0,1,0,1
89,8,1.21,11.383485348791732,0,0,0,1,0,1,0,0,1
90,8,2.45,10.525211768465944,1,0,0,0,0,0,0,0,1
91,8,2.2,10.510802297245792,0,0,1,0,0,0,1,0,1
92,16,1.49,11.063134731790107,0,0,1,0,0,1,0,0,1
93,8,2.65,11.061462490597744,1,0,0,0,0,0,1,0,1
94,8,1.25,10.931153634628432,0,0,0,1,0,1,0,0,1
95,8,1.5,10.717261720884188,0,0,0,0,0,1,0,0,1
96,8,2.2,10.37232400089118,0,0,1,0,0,0,0,0,0
97,4,2.2,10.159709917169616,0,0,1,0,0,0,0,0,0
98,6,2.0,10.333403292740233,0,0,1,0,0,0,1,0,1
99,12,2.62,11.105659536357711,1,0,0,0,0,0,1,0,1
100,8,1.91,10.55342238395318,0,0,1,0,0,0,0,0,1
101,4,2.1,9.83063294843456,0,0,1,0,0,0,0,0,1
102,8,2.2,10.447907320733034,0,0,1,0,0,0,0,0,0
103,8,1.38,10.99575173454406,0,0,0,1,0,0,1,0,1
104,8,1.252,11.17598591917709,0,0,0,1,0,1,0,0,1
105,6,1.58,10.46628456073464,0,0,1,0,0,0,1,0,1
106,4,1.85,10.003598553570956,0,0,1,0,0,1,0,0,1
107,8,1.3,11.05978744833005,0,0,0,1,0,0,1,0,1
108,16,2.2,11.144911042902732,1,0,0,0,0,0,1,0,1
109,8,1.58,11.275358392990295,0,0,1,0,0,1,0,0,1
110,16,1.5,11.116014069333293,0,0,0,1,0,0,1,0,1
111,8,1.23,11.204674904025437,0,0,0,1,0,1,0,0,1
112,8,1.37,11.219074000897615,0,0,0,0,0,1,0,0,1
113,4,1.63,10.55758616512496,0,0,1,0,0,1,0,0,1
114,8,1.21,11.37128263483418,0,0,0,1,0,1,0,0,1
115,8,1.26,11.219066852909238,0,0,0,0,0,1,0,0,1
116,8,1.63,10.963974208231726,0,0,1,0,0,1,0,0,1
117,8,2.16,11.005825930702713,0,0,1,0,0,0,1,0,1
118,4,2.0,10.310615277730191,0,0,1,0,0,0,1,0,1
119,8,1.7,10.994857679947176,0,0,1,0,0,0,1,0,1
120,6,2.1,10.147261623643049,0,0,1,0,0,1,0,0,1
121,16,1.8,11.690461589827628,1,0,0,0,0,0,1,0,1
122,8,2.2,10.419692282932576,0,0,1,0,0,0,1,0,0
123,16,2.5,11.123120297421588,0,0,1,0,0,0,1,0,1
124,4,2.1,10.087028365734811,0,0,1,0,0,0,0,0,1
125,4,1.86,9.532389087931673,0,0,1,0,0,1,0,0,0
126,8,1.63,10.675061366393813,0,0,1,0,0,1,0,0,1
127,4,1.65,9.603146168052769,0,0,1,0,0,0,0,0,1
128,16,2.8,11.216927309554451,0,0,1,0,0,0,0,0,1
129,8,2.5,10.808592759018332,0,0,1,0,0,1,0,0,1
130,8,2.36,10.435449831034946,0,0,1,0,0,0,0,0,1
131,4,2.2,10.082583913974387,0,0,1,0,0,0,0,0,1
132,8,1.6,10.760018088869778,0,0,0,1,0,1,0,0,1
133,4,2.2,10.324700017611931,0,0,1,0,0,0,1,0,1
134,8,2.05,10.369151780182763,0,0,1,0,0,1,0,0,1
135,8,1.63,10.87124372398,0,0,1,0,0,1,0,0,1
136,4,1.9,9.506417665734745,0,0,1,0,0,1,0,0,0
137,8,3.0,10.81931097523836,1,0,0,0,0,0,1,0,1
138,4,2.2,10.188167121983652,0,0,1,0,0,0,1,0,0
139,4,1.32,10.525211768465944,0,0,1,0,0,1,0,0,1
140,4,3.0,10.460196261867386,0,0,1,0,0,0,1,0,1
141,8,1.75,10.99308509015976,0,0,1,0,0,0,0,0,1
142,8,2.4,10.742904151497523,1,0,0,0,0,0,1,0,0
143,4,2.1,10.375818471540954,0,0,1,0,0,1,0,0,1
144,4,1.86,9.88635767027266,0,0,1,0,0,0,0,0,1
145,8,1.25,10.977716980635757,0,0,0,1,0,1,0,0,1
146,8,0.97,11.583439099510642,0,0,0,1,0,1,0,0,1
147,4,2.0,9.816202683605532,0,0,1,0,0,1,0,0,1
148,16,2.9,11.590859366057948,1,0,0,0,0,0,1,0,1
149,4,2.1,10.078119620845705,0,0,1,0,0,1,0,0,1
150,16,2.56,11.105867681227291,1,0,0,0,0,0,1,0,1
151,8,2.62,10.776844060703754,1,0,0,0,0,0,1,0,1
152,4,1.9,10.186161103256786,0,0,1,0,0,1,0,0,1
153,16,2.8,11.51989313428582,1,0,0,0,0,0,1,0,1
154,4,1.48,10.96212748563856,0,0,0,1,0,1,0,0,1
155,6,1.91,10.403666298916727,0,0,1,0,0,0,0,0,1
156,4,1.74,10.419692282932576,0,0,0,0,0,1,0,0,1
157,8,1.1,11.157152970844,0,0,0,0,0,1,0,0,1
158,8,1.56,10.931153634628432,0,0,0,0,0,1,0,0,1
159,4,2.1,10.078119620845705,0,0,1,0,0,1,0,0,1
160,4,2.03,9.974497588178815,0,0,1,0,0,0,0,0,1
161,4,3.0,10.666403303650696,0,0,1,0,0,0,1,0,1
162,8,2.13,10.56586207442882,0,0,1,0,0,0,0,0,1
163,16,2.5,10.959350991490268,1,0,0,0,0,0,1,0,1
164,4,2.1,9.827763506006608,0,0,1,0,0,1,0,0,1
165,16,2.4,11.470547260182666,1,0,0,0,0,0,1,0,1
166,4,2.1,9.871367833143674,0,0,1,0,0,1,0,0,1
167,8,2.56,10.942047370678033,1,0,0,0,0,0,1,0,1
168,8,3.0,10.725492220020705,0,0,1,0,0,0,1,0,1
169,4,1.49,10.60095339424009,0,0,1,0,0,1,0,0,1
170,8,1.05,11.18267988243989,0,0,0,1,0,1,0,0,1
171,6,2.71,10.525211768465944,0,0,1,0,0,0,0,0,1
172,4,2.2,9.70890230312988,0,0,1,0,0,0,0,0,0
173,4,2.0,10.167923515707006,0,0,1,0,0,1,0,0,1
174,8,2.5,10.803190260734986,0,0,1,0,0,0,1,0,1
175,8,2.3,10.104611236292678,0,0,1,0,0,1,0,0,1
176,4,2.1,10.082583913974387,0,0,1,0,0,1,0,0,1
177,32,4.4,11.912578515747589,1,0,0,0,0,0,1,0,1
178,8,1.9,10.676292135779944,0,0,1,0,0,0,0,0,1
179,8,1.29,11.288114524334732,0,0,0,0,0,1,0,0,1
180,16,2.02,10.931153634628432,0,0,1,0,0,0,0,0,0
181,8,1.23,11.219074000897615,0,0,0,1,0,1,0,0,1
182,16,1.4,11.49796125761926,0,0,0,0,0,1,0,0,1
183,8,2.0,10.651384247866982,0,0,1,0,0,1,0,0,1
184,8,1.95,11.064804181259648,0,0,1,0,0,0,1,0,0
185,16,2.77,11.320925866649002,0,0,1,0,0,0,1,0,1
186,16,2.06,11.757534260666516,0,0,1,0,0,0,1,0,1
187,8,2.4,10.633572072102885,1,0,0,0,0,0,1,0,0
188,8,1.12,10.872255357854844,0,0,0,1,0,1,0,0,1
189,8,2.8,10.964896292206694,0,0,1,0,0,0,0,0,1
190,16,1.42,11.921470624845266,0,0,0,0,0,1,0,0,1
191,4,1.3,9.536242657247662,0,0,1,0,0,1,0,0,1
192,8,1.3,10.883216300213936,0,0,0,1,0,0,1,0,0
193,8,2.8,10.523780128994506,0,0,1,0,0,0,1,0,0
194,8,1.62,10.70777173269934,0,0,0,0,0,1,0,0,1
195,8,2.5,10.793391597686284,0,0,1,0,0,0,1,0,1
196,32,3.49,12.69144112852859,1,0,0,0,0,0,1,0,1
197,8,1.49,10.841452101115571,0,0,1,0,0,1,0,0,1
198,16,3.35,11.204674904025437,1,0,0,0,0,0,1,0,1
199,8,2.5,10.927333190631044,0,0,1,0,0,0,1,0,1
200,16,2.65,11.495795582706762,1,0,0,0,0,0,1,0,1
201,4,2.1,10.176070200274824,0,0,1,0,0,1,0,0,1
202,8,2.23,10.584910269399517,0,0,1,0,0,0,1,0,1
203,16,3.2,11.442360501250736,1,0,0,0,0,0,1,0,1
204,16,2.8,12.000095897837827,0,0,0,0,1,0,1,0,1
205,16,2.4,11.21835894902589,1,0,0,0,0,0,1,0,0
206,6,2.3,10.060060439307303,0,0,1,0,0,1,0,0,1
207,8,1.21,11.550632725739694,0,0,0,1,0,1,0,0,1
208,8,1.2,11.254189968552817,0,0,0,1,0,1,0,0,1
209,8,2.2,10.367478139624737,0,0,1,0,0,1,0,0,1
210,8,2.4,10.633572072102885,0,0,1,0,0,0,1,0,0
211,16,2.9,11.224776083346525,1,0,0,0,0,0,1,0,1
212,4,2.1,9.83063294843456,0,0,1,0,0,1,0,0,0
213,8,2.2,10.283659467741664,0,0,1,0,0,1,0,0,0
214,8,1.05,11.288114524334732,0,0,0,1,0,1,0,0,1
215,8,1.4,10.812765077263236,0,0,0,1,0,0,0,0,1
216,8,2.8,10.35398720988372,0,0,1,0,0,0,1,0,0
217,8,1.63,10.913845510249091,0,0,1,0,0,0,1,0,1
218,8,1.6,11.02220830408089,0,0,0,1,0,1,0,0,1
219,16,1.62,11.129394827810977,0,0,0,0,0,1,0,0,1
220,8,2.2,10.49374915225888,0,0,1,0,0,0,0,0,0
221,8,1.74,10.776844060703754,0,0,0,0,0,1,0,0,1
222,8,1.2,11.193004457928666,0,0,0,1,0,1,0,0,1
223,8,2.1,10.65264448747927,0,0,1,0,0,1,0,0,1
224,16,4.42,11.781988742399806,1,0,0,0,0,0,1,0,1
225,8,2.2,10.699393467053342,0,0,1,0,0,0,1,0,1
226,16,2.3,10.731341589592168,0,0,1,0,0,0,0,0,1
227,8,2.0,10.620651995737775,0,0,1,0,0,0,1,0,1
228,8,2.69,10.767905453702944,0,0,1,0,0,0,1,0,1
229,8,1.9,11.12154549394652,0,0,1,0,0,0,0,0,1
230,4,2.37,9.964497380151284,0,0,1,0,0,1,0,0,1
231,4,2.1,9.77465368069266,0,0,1,0,0,0,0,0,1
232,16,3.2,11.288114524334732,1,0,0,0,0,0,1,0,1
233,8,1.6,10.73132994821639,0,0,1,0,0,1,0,0,1
234,8,1.6,10.510802297245792,0,0,0,0,0,1,0,0,1
235,16,2.36,10.776844060703754,0,0,1,0,0,0,0,0,0
236,4,2.1,9.941707765355826,0,0,1,0,0,1,0,0,0
237,4,2.2,10.329931067029484,0,0,1,0,0,0,0,0,1
238,32,4.7,12.241725462844624,1,0,0,0,0,0,1,0,1
239,8,2.5,10.716080385838357,1,0,0,0,0,0,1,0,1
240,8,2.2,10.35398720988372,0,0,1,0,0,1,0,0,1
241,8,2.1,11.018720942220474,0,0,1,0,0,0,1,0,1
242,8,2.69,10.765658261746038,0,0,1,0,0,0,1,0,0
243,8,2.56,10.754345923917311,1,0,0,0,0,0,1,0,1
244,8,1.38,10.959350991490268,0,0,0,0,0,1,0,0,1
245,8,2.2,10.868202667404224,0,0,1,0,0,0,0,0,1
246,8,2.04,10.301710499387234,0,0,1,0,0,1,0,0,1
247,16,3.6,11.981595204981144,1,0,0,0,0,0,1,0,1
248,4,1.49,10.490273717104664,0,0,1,0,0,1,0,0,1
249,8,1.37,11.596266113070396,0,0,0,1,0,1,0,1,0
250,8,2.08,10.683645110085203,0,0,0,0,0,1,0,0,1
251,16,4.3,11.470547260182666,1,0,0,0,0,0,1,0,1
252,4,1.68,10.126163794678414,0,0,1,0,0,0,0,0,1
253,8,1.37,11.49796125761926,0,0,0,0,0,1,0,0,1
254,4,3.0,10.529494430257945,0,0,1,0,0,0,1,0,1
255,8,1.41,10.83096982484206,0,0,0,1,0,1,0,0,1
256,8,1.91,10.075655737865564,0,0,1,0,0,0,0,0,1
257,16,2.9,10.94064137183354,0,0,1,0,0,0,1,0,1
258,16,4.14,11.799206957067089,1,0,0,0,0,0,1,0,1
259,8,2.0,11.413356147904066,0,0,0,0,0,0,1,0,1
260,8,2.8,11.016097416448089,0,0,1,0,0,0,0,0,1
261,4,2.2,10.07138558866436,0,0,1,0,0,1,0,0,0
262,4,2.1,10.55758616512496,0,0,1,0,0,1,0,0,1
263,4,2.18,10.463245044716745,0,0,1,0,0,1,0,0,1
264,8,2.24,10.312386757378574,0,0,1,0,0,0,0,0,1
265,8,2.67,10.658921971998408,0,0,0,0,0,1,0,0,1
266,8,1.1,11.288114524334732,0,0,0,0,0,1,0,0,1
267,4,2.2,10.121890283901031,0,0,1,0,0,1,0,0,0
268,8,2.5,10.901156223342602,0,0,1,0,0,0,1,0,1
269,8,2.05,10.755482933704386,0,0,1,0,0,1,0,0,1
270,8,1.37,11.555699396421488,0,0,0,1,0,1,0,1,0
271,16,3.2,11.320925866649002,1,0,0,0,0,0,0,0,1
272,8,2.14,10.57552675900535,0,0,1,0,0,0,0,0,0
273,16,1.36,11.799206957067089,0,0,0,0,0,1,0,0,1
274,8,2.2,10.675061366393813,0,0,1,0,0,0,1,0,1
275,12,2.3,10.545140618545505,0,0,1,0,0,1,0,0,1
276,8,2.8,10.977716980635757,0,0,1,0,0,0,0,0,0
277,8,2.2,10.588945244611692,0,0,1,0,0,0,1,0,1
278,4,2.8,10.167923515707006,0,0,1,0,0,1,0,0,1
279,8,2.8,10.71962021254348,0,0,1,0,0,0,1,0,0
280,6,2.8,10.73132994821639,0,0,1,0,0,0,1,0,1
281,4,2.25,10.034684221813931,0,0,1,0,0,0,0,0,0
282,8,2.5,10.695781181367428,1,0,0,0,0,0,1,0,1
283,6,2.2,10.336863503805128,0,0,1,0,0,1,0,0,1
284,8,3.0,10.833075088777523,0,0,1,0,0,0,1,0,1
285,12,2.15,10.46628456073464,0,0,1,0,0,1,0,0,1
286,8,1.95,10.975895486507364,0,0,1,0,0,1,0,0,1
287,8,1.7,10.860047678274915,0,0,0,1,0,0,1,0,1
288,16,2.5,11.047982926769505,1,0,0,0,0,0,1,0,1
289,8,2.2,10.466299735126338,0,0,1,0,0,0,1,0,0
290,2,2.19,9.268865850956626,0,0,1,0,0,1,0,0,0
291,8,3.0,11.0547454208418,1,0,0,0,0,0,1,0,1
292,8,2.54,10.167923515707006,0,0,1,0,0,1,0,0,1
293,8,2.0,11.487085674623,0,0,1,0,0,0,1,0,1
294,8,2.05,10.580858947180335,0,0,1,0,0,1,0,0,1
295,8,3.2,11.144911042902732,1,0,0,0,0,0,1,0,1
296,8,2.5,10.862092668762644,0,0,1,0,0,0,1,0,0
297,16,3.42,11.942792677133784,0,0,0,0,1,0,1,0,1
298,6,2.4,10.188167121983652,0,0,1,0,0,0,0,0,1
299,16,1.63,11.267217235406594,0,0,0,1,0,0,1,0,1
300,4,1.3,10.208009042782656,0,0,1,0,0,1,0,0,1
301,16,2.9,11.635675345406062,1,0,0,0,0,0,1,0,1
302,6,2.8,10.450993742936223,0,0,1,0,0,0,1,0,1
303,8,2.2,10.283659467741664,0,0,1,0,0,0,1,0,0
304,8,2.5,11.118388427393754,1,0,0,0,0,0,1,0,1
305,4,2.2,9.861637279518702,0,0,1,0,0,1,0,0,0
306,16,1.28,11.563884703567355,0,0,0,0,0,1,0,0,1
307,8,2.2,10.925417481232904,0,0,1,0,0,0,1,0,1
308,8,2.3,10.683645110085203,0,0,1,0,0,0,1,0,1
309,4,1.86,10.126163794678414,0,0,1,0,0,1,0,0,1
310,8,1.1,10.882315804880689,0,0,1,0,0,1,0,0,1
311,16,1.21,11.799206957067089,0,0,0,1,0,1,0,0,1
312,16,2.8,11.624777346052769,1,0,0,0,0,0,1,0,1
313,8,2.23,10.126163794678414,0,0,1,0,0,0,0,0,1
314,2,1.1,9.592332123898704,0,0,0,0,0,1,0,0,1
315,8,2.33,10.71371352082809,0,0,1,0,0,0,0,0,1
316,16,1.29,11.7789960831843,0,0,0,0,0,1,0,0,1
317,4,1.45,10.106570100778011,0,0,1,0,0,1,0,0,0
318,8,1.95,10.863113597896753,0,0,1,0,0,1,0,0,1
319,4,1.4,10.159709917169616,0,0,1,0,0,1,0,0,1
320,8,1.48,11.13950771057468,0,0,1,0,0,1,0,0,1
321,4,2.79,10.35398720988372,0,0,1,0,0,0,1,0,1
322,8,2.0,10.97315700921406,0,0,1,0,0,1,0,0,1
323,8,2.1,10.780175546294757,0,0,1,0,0,1,0,0,1
324,8,2.2,10.46628456073464,0,0,1,0,0,0,0,0,1
325,4,1.44,9.652314828500415,0,0,1,0,0,1,0,0,1
326,6,2.23,10.283659467741664,0,0,1,0,0,1,0,0,1
327,8,1.7,10.93201122675303,0,0,0,1,0,0,1,0,1
328,8,1.26,11.172247597066484,0,0,0,1,0,1,0,0,1
329,32,2.06,11.853716362735458,0,0,1,0,0,0,1,0,1
330,8,2.7,11.064804181259648,1,0,0,0,0,0,1,0,1
331,8,2.0,10.82462730886559,0,0,1,0,0,1,0,0,1
332,8,2.0,11.171498252707703,0,0,1,0,0,1,0,0,1
333,4,1.85,10.082583913974387,0,0,1,0,0,1,0,0,1
334,8,2.5,10.882315804880689,1,0,0,0,0,0,1,0,1
335,8,1.48,11.120757161229305,0,0,1,0,0,1,0,0,1
336,8,1.9,10.931153634628432,0,0,0,1,0,0,1,0,1
337,8,1.84,11.017847198171877,0,0,1,0,0,1,0,0,1
338,4,2.0,9.592295759601168,0,0,1,0,0,1,0,0,0
339,8,2.0,11.016753943443987,0,0,1,0,0,0,1,0,1
340,4,2.2,9.591968421403331,0,0,1,0,0,1,0,0,0
341,12,2.2,10.776844060703754,0,0,1,0,0,0,0,0,1
342,8,2.1,10.54924119319278,0,0,1,0,0,0,1,0,1
343,16,1.4,11.624777346052769,0,0,0,0,0,1,0,0,1
344,8,1.2,11.340108040487776,0,0,0,1,0,1,0,0,1
345,16,2.4,11.004648590381796,1,0,0,0,0,0,1,0,1
346,2,1.44,9.6067728080535,0,0,1,0,0,1,0,0,1
347,16,1.88,11.358282600039752,0,0,0,1,0,1,0,0,1
348,4,1.5,9.902487052202543,0,0,0,0,0,1,0,0,1
349,8,1.9,10.472336016417996,0,0,0,1,0,0,0,0,1
350,16,2.06,11.590080353983309,0,0,1,0,0,0,1,0,1
351,8,1.84,11.148752768718731,0,0,1,0,0,1,0,0,1
352,8,2.7,11.226196538130814,1,0,0,0,0,0,1,0,1
353,8,2.6,11.436206670969892,0,0,0,0,1,0,1,0,1
354,16,2.4,11.221929106334594,0,0,1,0,0,0,1,0,1
355,8,2.02,10.853784502608232,0,0,1,0,0,0,0,0,1
356,4,2.2,9.750081515393676,0,0,1,0,0,1,0,0,0
357,8,2.65,10.882315804880689,1,0,0,0,0,0,1,0,1
358,8,2.36,10.298790318518323,0,0,1,0,0,1,0,0,1
359,8,1.36,11.23889064370897,0,0,1,0,0,1,0,0,1
360,4,1.86,10.060060439307303,0,0,1,0,0,1,0,0,1
361,8,2.0,10.826745953725876,0,0,1,0,0,1,0,0,1
362,6,2.8,10.55342238395318,0,0,1,0,0,0,1,0,1
363,8,1.86,10.435465480609668,0,0,1,0,0,1,0,0,1
364,8,2.2,10.188167121983652,0,0,1,0,0,0,1,0,0
365,8,2.04,9.93914036985058,0,0,1,0,0,1,0,0,1
366,8,2.8,10.964896292206694,0,0,1,0,0,0,0,0,1
367,8,2.4,10.671359943290623,1,0,0,0,0,0,1,0,0
368,8,2.33,10.776844060703754,0,0,1,0,0,0,0,0,1
369,8,1.36,11.442932093149691,0,0,0,1,0,1,0,0,1
370,12,2.26,10.977716980635757,0,0,0,0,0,0,1,0,1
371,4,2.1,10.030000372501505,0,0,1,0,0,0,0,0,1
372,16,3.25,11.671319016786894,1,0,0,0,0,0,0,0,1
373,4,2.6,10.167923515707006,0,0,1,0,0,0,0,0,1
374,8,1.62,10.742915658911176,0,0,0,0,0,1,0,0,1
375,4,1.91,10.167903065600154,0,0,1,0,0,0,0,0,1
376,4,1.59,10.290919027754468,0,1,0,0,0,1,0,0,1
377,4,1.8,9.70890230312988,0,0,1,0,0,1,0,0,1
378,4,1.5,9.631552837051986,0,0,1,0,0,1,0,0,1
379,8,2.4,10.716080385838357,0,0,1,0,0,0,1,0,0
380,8,3.35,11.058109595587434,1,0,0,0,0,0,1,0,1
381,4,1.85,9.975737513942136,0,0,1,0,0,1,0,0,0
382,8,2.3,11.387117314043296,1,0,0,0,0,0,1,0,1
383,8,1.5,10.977716980635757,0,0,1,0,0,0,1,0,1
384,16,1.1,11.44230332408728,0,0,0,1,0,1,0,0,1
385,8,1.13,11.708368556654154,0,0,0,1,0,1,0,0,1
386,4,1.5,10.283659467741664,0,0,1,0,0,1,0,0,1
387,8,2.23,11.197396851520583,0,0,0,0,1,0,0,0,1
388,8,2.0,11.64178295189486,0,0,0,0,1,0,1,0,1
389,16,1.42,11.803200572598556,0,0,0,0,0,1,0,0,1
390,8,3.0,10.921575017331362,1,0,0,0,0,0,1,0,1
391,16,3.0,11.34767905456992,1,0,0,0,0,0,1,0,1
392,12,2.2,10.518018577413224,0,0,1,0,0,0,1,0,1
393,8,2.7,11.18267988243989,1,0,0,0,0,0,1,0,1
394,8,2.33,10.633405177560588,0,0,1,0,0,0,0,0,0
395,4,1.91,10.188167121983652,0,0,0,1,0,0,0,0,1
396,8,2.1,11.08997268702302,0,0,1,0,0,0,0,0,1
397,8,1.9,10.81931097523836,0,0,1,0,0,1,0,0,1
398,8,1.78,11.88100267529242,0,0,0,0,1,0,1,0,1
399,16,1.13,11.84839720125786,0,0,0,1,0,1,0,0,1
400,4,2.2,9.699146128184514,0,0,1,0,0,1,0,0,1
401,16,2.9,11.307930232161196,1,0,0,0,0,0,1,0,1
402,8,2.1,11.018284165624754,0,0,1,0,0,0,0,0,1
403,8,2.5,10.754345923917311,0,0,1,0,0,0,1,0,0
404,16,2.8,11.69380197819145,1,0,0,0,0,0,1,0,1
405,8,1.1,11.510857728676225,0,0,0,1,0,1,0,0,1
406,16,1.2,11.44121633636619,0,0,0,1,0,1,0,0,1
407,8,1.36,11.402110098629436,0,0,0,1,0,1,0,0,1
408,4,2.2,9.989276182274937,0,0,1,0,0,1,0,0,1
409,2,1.15,9.694067896286716,0,0,1,0,0,1,0,0,1
410,8,2.67,11.53824227295402,0,0,0,0,1,0,1,0,1
411,8,1.7,11.547549475609571,0,0,0,1,0,0,1,0,1
412,4,2.1,10.126163794678414,0,0,1,0,0,0,0,0,1
413,8,1.6,10.64634002126892,0,0,0,0,0,1,0,0,1
414,8,1.27,10.808592759018332,0,0,0,0,0,1,0,0,1
415,4,2.3,10.37065566550255,0,0,1,0,0,0,0,0,0
416,4,1.65,10.510802297245792,0,0,1,0,0,1,0,0,1
417,8,1.43,11.288781413322436,0,0,0,1,0,1,0,0,1
418,8,2.14,10.267037568910904,0,0,1,0,0,1,0,0,1
419,8,1.75,11.078373090310093,0,0,0,1,0,0,0,0,1
420,16,2.0,11.52464373704442,0,0,0,0,0,0,1,0,1
421,6,1.4,10.082583913974387,0,0,1,0,0,1,0,0,1
422,8,2.31,11.23889064370897,0,0,1,0,0,1,0,0,1
423,8,2.3,10.367478139624737,0,0,1,0,0,0,1,0,0
424,16,4.42,11.912578515747589,1,0,0,0,0,0,1,0,1
425,8,2.62,11.030873869571886,1,0,0,0,0,0,1,0,1
426,8,2.02,11.016447617817454,0,0,1,0,0,0,0,0,1
427,8,1.6,10.977716980635757,0,0,0,1,0,1,0,0,0
428,12,3.35,11.575963360732532,1,0,0,0,0,0,1,0,1
429,4,1.16,9.67600459962282,0,0,0,0,0,1,0,0,1
430,4,1.15,9.570272405833974,0,1,0,0,0,1,0,0,0
431,8,1.4,10.89326663606744,0,0,1,0,0,1,0,0,1
432,4,1.7,10.370822624347584,0,0,1,0,0,1,0,0,1
433,16,2.3,11.777361428141106,0,0,0,0,1,0,1,0,1
434,16,2.5,11.7789960831843,0,0,1,0,0,0,1,0,1
435,8,3.2,11.410999046046683,1,0,0,0,0,0,0,0,1
436,4,2.1,9.824885806178992,0,0,1,0,0,1,0,0,1
437,16,1.1,11.671319016786894,0,0,0,1,0,1,0,0,0
438,24,1.32,11.75125677614738,0,0,0,1,0,1,0,0,1
439,4,2.0,10.301710499387234,0,0,1,0,0,1,0,0,0
440,8,2.8,10.227464909398025,0,0,1,0,0,0,0,0,1
441,4,2.2,10.594300009749354,0,0,1,0,0,0,0,0,1
442,8,1.36,11.240291204162,0,0,0,1,0,1,0,0,1
443,4,2.2,9.83063294843456,0,0,1,0,0,1,0,0,1
444,8,2.2,10.977716980635757,1,0,0,0,0,0,1,0,1
445,8,1.64,11.047982926769505,0,0,1,0,0,0,1,0,1
446,4,2.4,10.066418317218153,0,0,1,0,0,1,0,0,0
447,8,2.23,11.572957346444928,0,0,0,0,1,0,1,0,1
448,8,2.2,10.910678521970082,1,0,0,0,0,0,1,0,1
449,16,1.25,11.83458800598367,0,0,0,1,0,1,0,0,1
450,8,1.91,10.35398720988372,0,0,1,0,0,1,0,0,1
451,16,2.17,11.563884703567355,0,0,0,0,1,0,1,0,1
452,8,2.31,11.311195008159336,0,0,0,0,1,1,0,0,1
453,8,1.65,11.179710318268071,0,0,1,0,0,1,0,0,1
454,8,2.36,10.862092668762644,0,0,1,0,0,0,0,0,1
455,4,1.47,10.147261623643049,0,0,0,0,0,1,0,0,1
456,8,4.42,11.599202972743706,0,0,1,0,0,0,1,0,1
457,4,1.252,10.872255357854844,0,0,0,1,0,1,0,0,1
458,8,1.25,11.470547260182666,0,0,0,1,0,1,0,0,1
459,8,2.5,10.436872940377548,0,0,1,0,0,1,0,0,1
460,4,2.23,10.274510273088076,0,0,1,0,0,0,1,0,1
461,4,1.4,10.050907057320815,0,1,0,0,0,1,0,0,1
462,8,2.37,10.594300009749354,0,0,1,0,0,1,0,0,1
463,8,1.5,10.658921971998408,0,0,1,0,0,0,0,0,0
464,8,2.67,11.62048037119099,0,0,1,0,0,0,1,0,1
465,4,2.0,9.692588727638356,0,0,1,0,0,1,0,0,1
466,4,2.2,10.126163794678414,0,0,1,0,0,0,1,0,1
467,8,2.02,10.607562803627763,0,0,1,0,0,0,0,0,1
468,12,3.78,11.413356147904066,1,0,0,0,0,0,1,0,1
469,12,1.4,11.502816945605918,0,0,0,1,0,1,0,0,1
470,8,1.29,11.575963360732532,0,0,0,0,0,1,0,0,1
471,8,1.9,11.026550473300178,0,0,1,0,0,0,0,0,1
472,8,1.1,11.12626248382466,0,0,0,1,0,1,0,0,0
473,8,1.42,11.494086806506765,0,0,0,1,0,1,0,0,1
474,12,2.06,11.144911042902732,0,0,1,0,0,1,0,0,1
475,8,1.79,10.58221121243035,0,0,1,0,0,1,0,0,1
476,8,1.78,11.762112832660844,0,0,0,0,1,0,1,0,1
477,8,1.7,11.19373786463554,0,0,1,0,0,1,0,0,1
478,8,2.2,10.490273717104664,0,0,1,0,0,0,0,0,1
479,8,1.05,11.39733681987678,0,0,1,0,0,1,0,0,1
480,8,2.16,11.116014069333293,0,0,1,0,0,0,1,0,1
481,4,2.18,10.349904182775484,0,0,1,0,0,1,0,0,1
482,4,1.49,10.56311104105693,0,0,1,0,0,1,0,0,1
483,4,1.89,9.49261223560568,0,0,1,0,0,1,0,0,1
484,4,2.3,10.312386757378574,0,0,1,0,0,1,0,0,1
485,8,1.75,10.931153634628432,0,0,1,0,0,1,0,0,1
486,16,2.17,11.732612168264149,0,0,0,0,1,0,1,0,1
487,16,2.06,11.52464373704442,0,0,1,0,0,0,1,0,1
488,16,1.36,11.4699912412637,0,0,0,1,0,1,0,0,1
489,16,0.91,11.551145677789926,0,0,0,1,0,1,0,0,1
490,8,2.3,10.895234994607796,0,0,1,0,0,0,1,0,1
491,32,1.05,11.912578515747589,0,0,0,1,0,1,0,0,1
492,8,1.99,11.18342089766461,1,0,0,0,0,0,1,0,1
493,8,2.2,10.336863503805128,0,0,1,0,0,0,0,0,1
494,24,4.33,11.12154549394652,1,0,0,0,0,0,1,0,1
495,8,1.3,10.977716980635757,0,0,0,1,0,1,0,0,1
496,8,2.17,10.776732819811487,0,0,1,0,0,1,0,0,1
497,8,1.48,11.442360501250736,0,0,1,0,0,1,0,0,1
498,8,1.4,10.83096982484206,0,0,1,0,0,1,0,0,1
499,8,2.3,10.790103923492092,0,0,1,0,0,1,0,0,1
500,4,1.2,9.80450664384234,0,1,0,0,0,1,0,0,1
501,8,1.91,10.403650143697382,0,0,1,0,0,0,0,0,1
502,8,1.4,11.352694739066088,0,0,0,0,0,1,0,0,1
503,4,2.1,9.67600459962282,0,0,1,0,0,1,0,0,1
504,4,1.25,9.555290852218356,0,1,0,0,0,1,0,0,0
505,8,1.44,10.83096982484206,0,0,1,0,0,1,0,0,1
506,8,2.0,11.085440489304403,0,0,1,0,0,1,0,0,1
507,4,2.2,10.393925962168344,0,0,1,0,0,0,1,0,1
508,8,1.34,11.16321819034709,0,0,0,1,0,1,0,0,1
509,8,2.4,11.02220830408089,1,0,0,0,0,0,1,0,0
510,8,1.29,10.776844060703754,0,0,0,1,0,1,0,0,1
511,4,2.2,10.435465480609668,0,0,1,0,0,0,1,0,1
512,8,2.18,10.704189639316835,0,0,1,0,0,1,0,0,1
513,16,2.2,11.081544019025282,0,0,1,0,0,0,0,0,1
514,16,1.95,11.219752826912,0,0,1,0,0,0,1,0,0
515,2,1.1,9.47681923677686,0,1,0,0,0,1,0,0,1
516,4,2.04,10.232212772652003,0,0,1,0,0,1,0,0,1
517,24,2.24,11.971204630519404,1,0,0,0,0,0,1,0,1
518,8,2.04,10.765658261746038,0,0,1,0,0,0,1,0,1
519,16,3.0,11.291444530741918,1,0,0,0,0,0,1,0,1
520,8,3.2,11.219074000897615,1,0,0,0,0,0,1,0,1
521,8,1.32,11.219074000897615,0,0,0,1,0,1,0,0,1
522,8,1.64,11.129965423395353,0,0,1,0,0,1,0,0,1
523,4,1.63,10.510802297245792,0,0,1,0,0,1,0,0,1
524,8,2.8,10.765658261746038,0,0,1,0,0,0,0,0,0
525,8,2.02,11.17598591917709,0,0,1,0,0,1,0,0,1
526,4,2.2,10.658921971998408,0,0,1,0,0,0,1,0,1
527,8,2.2,10.104611236292678,0,0,1,0,0,0,1,0,0
528,4,2.3,10.34717287346399,0,0,1,0,0,0,0,0,1
529,8,1.9,11.203223524960787,0,0,1,0,0,1,0,0,1
530,16,4.42,11.98617622657084,1,0,0,0,0,0,1,0,1
531,8,2.0,10.732493415479688,0,0,1,0,0,1,0,0,1
532,8,2.0,11.144911042902732,0,0,1,0,0,0,1,0,1
533,4,1.2,9.88635767027266,0,0,1,0,0,1,0,0,1
534,8,2.3,11.383485348791732,1,0,0,0,0,0,1,0,1
535,8,1.93,11.197396851520583,0,0,1,0,0,0,1,0,1
536,8,2.2,10.656930001858216,0,0,1,0,0,0,0,0,1
537,4,1.86,9.964497380151284,0,0,1,0,0,1,0,0,1
538,12,2.62,11.470547260182666,1,0,0,0,0,0,1,0,1
539,8,1.87,10.73132994821639,0,0,1,0,0,0,1,0,1
540,8,1.2,11.219074000897615,0,0,0,1,0,1,0,0,1
541,4,1.6,10.576614498925236,0,0,1,0,0,1,0,0,1
542,8,1.34,11.018720942220474,0,0,0,1,0,1,0,0,1
543,8,2.4,10.657669623681942,1,0,0,0,0,0,1,0,0
544,4,2.0,9.83063294843456,0,0,1,0,0,0,0,0,1
545,4,2.1,10.534467797525002,0,0,1,0,0,1,0,0,1
546,4,1.87,10.641244744014545,0,0,1,0,0,1,0,0,1
547,4,2.15,10.11188320625578,0,0,1,0,0,1,0,0,0
548,4,1.86,9.959497306919324,0,0,1,0,0,1,0,0,1
549,8,1.99,11.430859511915424,0,0,1,0,0,1,0,0,1
550,4,2.2,10.188167121983652,0,0,1,0,0,1,0,0,1
551,8,1.9,10.993953872709785,0,0,1,0,0,1,0,0,1
552,16,4.42,11.876197639250138,1,0,0,0,0,0,1,0,1
553,8,2.65,10.274785970374204,0,0,1,0,0,1,0,0,1
554,8,2.63,11.130176383145796,0,0,1,0,0,0,1,0,1
555,4,2.0,9.387207078087174,0,0,1,0,0,1,0,0,0
556,4,1.35,9.51682457139056,0,0,1,0,0,1,0,0,1
557,6,2.8,10.83096982484206,0,0,1,0,0,0,1,0,1
558,6,1.91,10.319265697988737,0,0,1,0,0,0,0,0,1
559,4,2.18,10.401887658299067,0,0,1,0,0,0,0,0,1
560,4,1.25,9.83063294843456,0,0,0,0,0,1,0,0,1
561,4,2.05,10.421280845617712,0,0,1,0,0,1,0,0,1
562,16,1.16,11.558808550535495,0,0,0,1,0,1,0,0,1
563,8,3.4,11.981595204981144,0,0,1,0,0,0,1,0,1
564,8,2.5,10.70777173269934,0,0,1,0,0,0,1,0,1
565,8,1.21,11.352694739066088,0,0,0,1,0,1,0,0,1
566,4,1.93,10.841452101115571,0,0,1,0,0,1,0,0,1
567,8,2.2,10.580858947180335,0,0,1,0,0,1,0,0,1
568,4,2.2,9.816202683605532,0,0,1,0,0,1,0,0,1
569,4,2.02,10.87326596936077,0,0,1,0,0,1,0,0,1
570,8,3.14,11.504424909404817,0,0,0,0,1,0,1,0,1
571,8,1.94,9.93914036985058,0,0,1,0,0,1,0,0,1
572,6,1.95,10.450993742936223,0,0,1,0,0,0,0,0,1
573,8,2.3,10.696986727022775,0,0,1,0,0,1,0,0,1
574,4,2.05,10.50497986449436,0,0,1,0,0,1,0,0,1
575,4,1.4,9.49301392269684,0,0,1,0,0,1,0,0,1
576,16,1.24,11.50657735831005,0,0,0,1,0,1,0,0,1
577,32,4.6,11.862769612046066,1,0,0,0,0,0,1,0,1
578,16,4.14,11.887251546940472,1,0,0,0,0,0,1,0,1
579,8,2.2,10.594313360795072,0,0,1,0,0,0,0,0,0
580,4,1.45,9.93914036985058,0,0,1,0,0,1,0,0,1
581,8,1.9,10.89180021486258,0,0,1,0,0,1,0,0,1
582,4,1.49,10.55342238395318,0,0,1,0,0,1,0,0,1
583,16,1.93,11.313402478637911,0,0,1,0,0,0,1,0,1
584,4,1.26,9.662536382571954,0,1,0,0,0,1,0,0,0
585,16,4.5,11.737306010891048,1,0,0,0,0,0,1,0,1
586,16,3.78,11.2874471903093,1,0,0,0,0,0,1,0,1
587,12,1.4,11.397934727218958,0,0,0,1,0,1,0,0,1
588,12,2.2,10.38737929394203,0,0,1,0,0,1,0,0,1
589,8,2.73,11.454295851800008,1,0,0,0,0,0,1,0,1
590,8,2.2,10.580858947180335,0,0,0,0,0,1,0,0,1
591,12,2.2,10.83096982484206,0,0,1,0,0,0,0,0,1
592,4,1.39,10.37747822295932,0,0,0,0,0,1,0,0,1
593,16,2.5,11.413356147904066,0,0,1,0,0,0,1,0,1
594,4,2.8,10.246549458090431,0,0,1,0,0,1,0,0,0
595,8,2.29,10.104611236292678,0,0,1,0,0,1,0,0,1
596,8,1.37,11.588886005772771,0,0,0,0,0,1,0,0,1
597,8,1.7,11.271296098981416,0,0,1,0,0,1,0,0,1
598,8,1.34,11.396139931642937,0,0,0,0,0,1,0,0,1
599,8,2.06,11.450333208630004,0,0,0,0,1,0,1,0,1
600,8,1.84,11.081347155713406,0,0,1,0,0,1,0,0,1
601,4,2.1,10.480567504600335,0,0,1,0,0,1,0,0,1
602,4,1.6,9.771618776997505,0,0,1,0,0,1,0,0,1
603,16,4.14,11.671319016786894,1,0,0,0,0,0,1,0,1
604,4,2.18,10.11759843181949,0,0,1,0,0,0,0,0,0
605,16,1.8,11.715790550995315,1,0,0,0,0,0,1,0,1
606,8,2.2,11.219074000897615,0,0,1,0,0,1,0,0,1
607,6,2.4,10.310615277730191,0,0,1,0,0,1,0,0,1
608,8,2.0,11.144911042902732,0,0,0,0,0,1,0,0,1
609,4,1.6,9.83063294843456,0,0,1,0,0,1,0,0,1
610,32,2.5,12.472347407870709,0,0,1,0,0,0,1,0,1
611,16,2.59,10.754357300416876,1,0,0,0,0,0,1,0,1
612,4,2.18,10.071160338072124,0,0,1,0,0,1,0,0,0
613,4,2.25,9.858883414720411,0,0,1,0,0,1,0,0,0
614,4,1.93,10.742904151497523,0,0,1,0,0,1,0,0,0
615,8,3.0,11.038609189620306,1,0,0,0,0,0,1,0,1
616,4,2.18,10.319441460358464,0,0,1,0,0,0,0,0,0
617,8,1.84,11.211900368986475,0,0,0,1,0,1,0,0,1
618,16,2.94,11.702152960779438,1,0,0,0,0,0,1,0,1
619,4,1.25,9.91309723131456,0,0,0,0,0,1,0,0,0
620,8,2.31,11.00021005668577,0,0,1,0,0,1,0,0,1
621,8,1.65,11.265171547683302,0,0,1,0,0,1,0,0,1
622,4,2.2,10.629713546415353,0,0,1,0,0,0,0,0,1
623,8,2.2,10.658921971998408,0,0,1,0,0,1,0,0,1
624,4,1.88,10.812893840917726,0,0,1,0,0,1,0,0,1
625,8,2.2,10.776844060703754,0,0,1,0,0,0,1,0,1
626,2,1.4,9.452024578163645,0,0,1,0,0,1,0,0,1
627,4,2.2,10.12402932214978,0,0,1,0,0,1,0,0,0
628,6,1.5,10.435481129939486,0,0,0,0,0,1,0,0,1
629,8,2.0,11.482152806302976,0,0,1,0,0,0,1,0,1
630,16,1.1,11.525170191386666,0,0,0,1,0,1,0,0,1
631,16,2.62,11.274682488942933,1,0,0,0,0,0,1,0,1
632,4,1.8,10.695781181367428,0,0,1,0,0,1,0,0,1
633,4,2.2,10.336863503805128,0,0,1,0,0,0,1,0,1
634,8,2.0,9.964522443121997,0,0,1,0,0,1,0,0,1
635,8,1.99,10.785284424941176,0,0,1,0,0,0,1,0,1
636,8,1.23,11.508719833687696,0,0,0,1,0,1,0,0,1
637,2,1.42,9.49301392269684,0,0,1,0,0,1,0,0,1
638,8,1.37,11.44716312967751,0,0,0,0,0,1,0,0,1
639,16,2.06,11.758368289071829,0,0,1,0,0,0,1,0,1
640,8,2.5,10.9867750135825,1,0,0,0,0,0,1,0,1
641,8,2.6,10.23111911098328,0,0,1,0,0,0,0,0,1
642,16,1.14,11.779404329770909,0,0,0,1,0,1,0,0,1
643,8,2.5,11.039464987704202,1,0,0,0,0,0,1,0,0
644,4,2.4,10.084808608996498,0,0,1,0,0,1,0,0,1
645,4,1.43,9.588689132620203,0,0,1,0,0,1,0,0,1
646,8,1.8,10.79884714858782,0,0,0,1,0,1,0,0,1
647,16,1.95,11.838443060873624,1,0,0,0,0,0,1,0,1
648,8,1.2,11.076412935176185,0,0,1,0,0,1,0,0,1
649,8,1.36,11.343269598606504,0,0,0,1,0,1,0,0,1
650,32,3.8,11.912578515747589,1,0,0,0,0,0,1,0,1
651,8,2.4,10.53941655276426,1,0,0,0,0,0,1,0,0
652,8,1.2,11.254810893751282,0,0,0,1,0,1,0,0,1
653,8,2.2,11.058781074545012,1,0,0,0,0,0,1,0,1
654,4,1.86,9.875184369674535,0,0,1,0,0,1,0,0,0
655,8,2.0,10.945351696133724,0,0,1,0,0,1,0,0,1
656,8,2.2,10.79884714858782,0,0,1,0,0,0,0,0,1
657,16,2.2,11.009948956147635,0,0,1,0,0,0,0,0,1
658,8,3.31,11.06229896074271,1,0,0,0,0,0,1,0,1
659,32,4.42,12.029883488676532,1,0,0,0,0,0,1,0,1
660,8,1.56,11.089517135798168,0,0,1,0,0,1,0,0,1
661,4,2.2,10.013431946154272,0,0,1,0,0,1,0,0,1
662,4,2.2,10.25782777312814,0,0,1,0,0,1,0,0,1
663,6,2.04,10.265276597141131,0,0,1,0,0,0,0,0,1
664,8,2.7,11.27992228688911,1,0,0,0,0,0,1,0,1
665,4,2.1,10.186161103256786,0,0,1,0,0,1,0,0,1
666,8,2.06,10.837272366712863,0,0,1,0,0,1,0,0,1
667,8,2.1,10.588945244611692,0,0,1,0,0,0,0,0,1
668,8,2.0,11.11283946349252,0,0,1,0,0,1,0,0,1
669,4,2.1,9.99658437558166,0,0,1,0,0,1,0,0,0
670,8,1.252,11.508104342010856,0,0,0,1,0,1,0,0,1
671,8,1.9,10.682362236272311,0,0,1,0,0,0,0,0,1
672,8,1.3,10.916751081300507,0,0,0,0,0,1,0,0,1
673,4,2.2,9.83063294843456,0,0,1,0,0,0,0,0,1
674,4,1.63,10.525211768465944,0,0,0,0,0,0,1,0,1
675,16,2.4,11.14105450129298,1,0,0,0,0,0,1,0,1
676,8,1.1,11.009948956147635,0,0,0,1,0,1,0,0,1
677,8,1.4,10.180118788800824,0,0,0,0,0,1,0,0,0
678,8,1.09,11.715790550995315,0,0,0,1,0,1,0,0,1
679,16,2.5,11.144911042902732,1,0,0,0,0,0,1,0,1
680,8,2.2,10.8812140971224,1,0,0,0,0,0,1,0,1
681,4,1.86,10.013431946154272,0,0,1,0,0,1,0,0,1
682,16,3.21,11.601643784304514,1,0,0,0,0,0,1,0,1
683,4,2.5,10.525211768465944,0,0,1,0,0,0,0,0,1
684,8,1.19,11.288114524334732,0,0,0,0,0,1,0,0,1
685,16,3.49,11.917834418453076,1,0,0,0,0,0,1,0,1
686,4,1.86,10.393289544363068,0,0,1,0,0,0,0,0,1
687,4,2.2,10.277575423651992,0,0,1,0,0,0,0,0,1
688,6,2.65,10.319441460358464,0,0,1,0,0,0,0,0,1
689,4,2.1,9.73761240901231,0,0,1,0,0,1,0,0,1
690,4,1.45,9.902487052202543,0,0,1,0,0,1,0,0,0
691,4,1.7,10.525211768465944,0,0,1,0,0,1,0,0,1
692,8,3.14,11.529366637136484,0,0,0,0,1,0,1,0,1
693,8,1.42,11.834974180925718,0,0,0,0,0,1,0,0,1
694,8,1.5,10.85594510841814,0,0,1,0,0,1,0,0,1
695,4,1.4,9.570272405833974,0,1,0,0,0,1,0,0,1
696,16,1.38,11.442360501250736,0,0,0,0,0,1,0,0,1
697,4,1.2,10.481345086360362,0,0,0,0,0,1,0,0,0
698,16,1.36,11.512991062818642,0,0,0,1,0,1,0,0,1
699,4,2.1,10.510802297245792,0,0,1,0,0,0,0,0,1
700,8,2.56,10.683645110085203,1,0,0,0,0,0,1,0,1
701,4,2.2,9.964522443121997,0,0,1,0,0,0,0,0,1
702,8,2.2,10.03701794516015,0,0,1,0,0,0,0,0,1
703,4,2.1,10.407616483423654,0,0,1,0,0,1,0,0,1
704,4,1.9,10.084808608996498,0,0,1,0,0,1,0,0,0
705,8,2.18,10.653903140886465,0,0,1,0,0,1,0,0,1
706,8,1.6,10.882315804880689,0,0,0,0,0,1,0,0,1
707,16,2.18,11.50120100127367,0,0,0,0,1,0,1,0,1
708,8,1.8,11.058109595587434,0,0,1,0,0,1,0,0,1
709,6,2.71,10.460211528926417,0,0,1,0,0,0,0,0,1
710,8,2.5,11.105659536357711,1,0,0,0,0,0,1,0,1
711,8,1.64,10.968576149165091,0,0,1,0,0,0,1,0,0
712,8,1.98,10.56311104105693,0,0,1,0,0,1,0,0,0
713,4,1.5,9.672654512737536,0,0,1,0,0,1,0,0,1
714,16,1.93,11.238652353231751,0,0,1,0,0,1,0,0,1
715,8,1.87,10.729080621774308,0,0,1,0,0,0,1,0,1
716,8,1.9,11.047982926769505,0,0,1,0,0,1,0,0,1
717,4,2.19,9.672654512737536,0,0,1,0,0,0,0,0,1
718,4,1.4,9.555290852218356,0,0,1,0,0,1,0,0,1
719,8,2.63,11.065637862008224,0,0,1,0,0,0,1,0,1
720,8,1.17,11.406054689443872,0,0,0,1,0,1,0,0,1
721,8,1.58,10.704907085240231,0,0,0,0,0,1,0,0,1
722,8,1.32,11.288114524334732,0,0,0,1,0,1,0,0,1
723,32,4.36,12.1806155047626,1,0,0,0,0,0,1,0,1
724,8,2.7,11.182294337407903,1,0,0,0,0,0,1,0,1
725,4,1.9,10.169762314876662,0,0,1,0,0,1,0,0,0
726,8,2.2,10.55342238395318,0,0,1,0,0,0,0,0,1
727,4,1.71,10.450993742936223,0,0,0,0,0,1,0,0,1
728,8,2.32,10.354869672690878,0,0,1,0,0,0,0,0,0
729,4,2.1,10.167923515707006,0,0,1,0,0,0,0,0,1
730,16,4.2,11.543423631696015,1,0,0,0,0,0,1,0,1
731,12,2.25,10.450993742936223,0,0,1,0,0,1,0,0,1
732,6,2.1,10.452533389121816,0,0,1,0,0,0,0,0,1
733,4,2.4,10.301710499387234,0,0,1,0,0,1,0,0,1
734,8,1.44,10.842494310694017,0,0,1,0,0,1,0,0,1
735,4,1.85,10.633572072102885,0,0,1,0,0,1,0,0,1
736,16,2.6,11.76667053684216,0,0,0,0,1,0,1,0,1
737,8,1.55,10.46628456073464,0,0,0,0,0,1,0,0,1
738,16,1.8,11.6226216177553,1,0,0,0,0,0,1,0,1
739,4,2.4,9.993667504286536,0,0,1,0,0,1,0,0,1
740,8,2.0,11.071454247329664,0,0,1,0,0,0,1,0,1
741,8,2.0,10.475348066887989,0,0,1,0,0,1,0,0,1
742,8,1.25,11.311846686253432,0,0,1,0,0,1,0,0,1
743,8,1.7,10.882315804880689,0,0,0,0,0,1,0,0,1
744,16,2.5,12.076935697460716,0,0,0,0,1,0,1,0,1
745,2,1.68,9.77465368069266,0,0,1,0,0,1,0,0,0
746,16,0.81,11.383485348791732,0,0,0,1,0,1,0,0,1
747,8,1.86,10.265276597141131,0,0,1,0,0,1,0,0,1
748,8,1.6,11.002618186839925,0,0,1,0,0,1,0,0,1
749,16,3.0,12.362417715920367,0,0,0,0,1,0,1,0,1
750,4,1.4,10.138875830266777,0,1,0,0,0,1,0,0,1
751,8,1.84,11.525170191386666,0,0,1,0,0,1,0,0,1
752,4,2.45,10.336863503805128,0,0,1,0,0,0,1,0,0
753,4,1.7,10.974983493740094,0,0,0,1,0,1,0,0,1
754,4,2.37,10.720679721736714,0,0,1,0,0,1,0,0,1
755,8,1.3,11.064804181259648,0,0,0,0,0,1,0,0,1
756,8,2.2,10.977716980635757,0,0,1,0,0,0,1,0,1
757,8,2.59,11.328642946747566,0,0,0,0,1,0,1,0,1
758,16,4.42,11.937276356672394,1,0,0,0,0,0,1,0,1
759,4,2.1,10.370822624347584,0,0,1,0,0,1,0,0,1
760,8,2.5,10.93019989111312,1,0,0,0,0,0,1,0,1
761,16,1.18,11.503355013953575,0,0,0,1,0,1,0,0,1
762,8,1.1,11.32736089528991,0,0,0,1,0,1,0,0,0
763,8,1.2,11.004648590381796,0,0,0,1,0,1,0,0,1
764,4,1.65,10.71962021254348,0,0,1,0,0,1,0,0,1
765,4,1.6,10.460196261867386,0,0,1,0,0,1,0,0,1
766,4,2.8,10.12901686366082,0,0,1,0,0,0,1,0,1
767,16,2.72,10.977716980635757,1,0,0,0,0,0,1,0,1
768,8,1.31,11.352694739066088,0,0,0,1,0,1,0,0,1
769,4,2.1,9.672654512737536,0,0,1,0,0,1,0,0,0
770,16,2.3,11.049906436113686,0,0,1,0,0,0,0,0,1
771,16,1.71,11.470547260182666,0,0,0,0,0,0,0,0,1
772,4,1.75,10.90311893251045,0,0,1,0,0,1,0,0,1
773,8,2.62,10.977716980635757,1,0,0,0,0,0,1,0,1
774,4,1.26,11.101648299531258,0,0,0,1,0,1,0,0,1
775,12,2.3,10.70777173269934,0,0,0,0,0,0,1,0,1
776,16,2.5,11.74620626036131,0,0,1,0,0,0,1,0,1
777,4,1.8,10.430759589572256,0,0,1,0,0,1,0,0,1
778,16,1.95,11.947682155153789,1,0,0,0,0,0,1,0,1
779,8,2.0,10.34185963789476,0,0,1,0,0,1,0,0,1
780,32,4.42,12.161134189998078,1,0,0,0,0,0,1,0,1
781,16,4.3,11.737731633370338,1,0,0,0,0,0,1,0,1
782,16,1.47,11.45090026279887,0,0,0,1,0,0,1,0,1
783,8,2.2,9.771618776997505,0,0,1,0,0,1,0,0,0
784,16,1.7,11.715790550995315,0,0,0,1,0,1,0,0,1
785,16,1.6,11.520422094890591,1,0,0,0,0,0,1,0,1
786,8,2.2,10.968576149165091,1,0,0,0,0,0,1,0,1
787,4,2.4,10.882315804880689,1,0,0,0,0,0,1,0,1
788,16,4.2,11.715790550995315,1,0,0,0,0,0,1,0,1
789,8,2.62,10.868202667404224,1,0,0,0,0,0,1,0,1
790,8,2.24,11.175239371923306,1,0,0,0,0,0,1,0,1
791,4,1.22,9.288274273063903,0,0,1,0,0,1,0,0,1
792,8,1.37,11.561349847964168,0,0,0,0,0,1,0,0,1
793,8,2.08,10.841452101115571,0,0,0,0,0,0,0,0,1
794,8,0.92,11.036037392231934,0,0,0,1,0,1,0,1,0
795,8,1.42,11.72918457279188,0,0,0,0,0,1,0,0,1
796,4,1.63,9.67600459962282,0,0,1,0,0,1,0,0,1
797,8,1.95,10.67259527389862,0,0,1,0,0,1,0,0,1
798,8,1.38,11.18267988243989,0,0,0,0,0,1,0,0,1
799,8,2.0,10.580858947180335,0,0,1,0,0,0,0,0,1
800,8,3.14,11.608398104304564,0,0,0,0,1,0,1,0,1
801,8,2.37,10.977716980635757,0,0,1,0,0,1,0,0,1
802,8,1.29,11.288114524334732,0,0,0,1,0,1,0,0,1
803,8,2.06,11.442360501250736,0,0,1,0,0,0,1,0,1
804,4,1.63,10.587602061065226,0,1,0,0,0,1,0,0,1
805,8,1.26,11.211900368986475,0,1,0,0,0,1,0,0,1
806,4,2.1,10.634854945915771,0,0,1,0,0,1,0,0,1
807,8,2.04,10.419692282932576,0,0,1,0,0,0,0,0,1
808,16,2.62,11.401514683309674,1,0,0,0,0,0,1,0,1
809,4,2.4,10.38737929394203,0,0,1,0,0,0,1,0,1
810,12,3.74,11.442360501250736,1,0,0,0,0,0,0,0,1
811,16,2.9,11.765015592318807,1,0,0,0,0,0,1,0,1
812,8,0.81,11.288114524334732,0,0,0,1,0,1,0,0,1
813,8,1.98,10.843535435202426,0,0,1,0,0,0,1,0,1
814,8,2.18,10.647353436437802,0,0,1,0,0,0,0,0,1
815,8,1.32,11.503355013953575,0,0,0,1,0,1,0,0,1
816,16,1.29,11.470547260182666,0,0,0,1,0,1,0,0,1
817,4,1.23,9.928804360519916,0,1,0,0,0,1,0,0,0
818,16,4.36,11.801613023751164,1,0,0,0,0,0,1,0,1
819,4,1.76,10.602278775481158,0,0,1,0,0,1,0,0,1
820,4,2.1,10.169762314876662,0,0,1,0,0,1,0,0,1
821,4,1.25,10.969494001455322,0,0,0,1,0,1,0,0,1
822,8,1.13,11.799206957067089,0,0,0,1,0,1,0,0,1
823,8,2.4,11.064804181259648,1,0,0,0,0,0,1,0,1
824,8,1.13,11.511924964636645,0,0,0,1,0,1,0,0,1
825,4,1.75,10.188167121983652,0,0,1,0,0,1,0,0,1
826,8,1.1,11.189329334350775,0,0,0,0,0,1,0,0,1
827,4,1.76,10.34717287346399,0,0,1,0,0,1,0,0,1
828,4,1.35,9.84767881570755,0,1,0,0,0,1,0,0,0
829,8,1.5,10.403666298916727,0,0,1,0,0,1,0,0,1
830,32,3.49,12.587882562739948,1,0,0,0,0,0,1,0,1
831,16,1.1,11.624777346052769,0,0,0,1,0,1,0,0,1
832,4,2.1,10.227464909398025,0,0,1,0,0,0,1,0,0
833,8,1.7,11.053902605789805,0,0,1,0,0,1,0,0,1
834,8,1.32,11.38409159312676,0,0,1,0,0,1,0,0,1
835,16,3.21,11.903833710189655,1,0,0,0,0,0,1,0,1
836,16,2.9,11.76667053684216,1,0,0,0,0,0,1,0,1
837,4,2.0,10.481345086360362,0,0,1,0,0,1,0,0,1
838,4,1.5,9.759386208561873,0,0,1,0,0,1,0,0,0
839,8,2.3,10.3556835631319,0,0,1,0,0,1,0,0,1
840,16,2.73,11.470547260182666,1,0,0,0,0,0,1,0,1
841,32,4.42,12.0059347920825,1,0,0,0,0,0,1,0,1
842,8,2.63,10.78900562574303,0,0,1,0,0,0,1,0,1
843,8,2.18,10.546429982871398,0,0,1,0,0,1,0,0,1
844,8,1.54,11.509254736080766,0,0,0,1,0,1,0,0,1
845,4,2.18,10.580858947180335,0,0,1,0,0,0,0,0,1
846,4,1.4,10.397183294038651,0,0,0,0,0,1,0,0,0
847,8,1.45,10.908984051962848,0,0,0,1,0,0,1,0,1
848,8,1.28,11.706175092295874,0,0,0,0,0,1,0,0,1
849,8,1.54,11.267217235406594,0,0,0,1,0,1,0,0,1
850,4,1.86,9.67600459962282,0,0,1,0,0,1,0,0,0
851,16,2.1,11.52464373704442,1,0,0,0,0,0,1,0,1
852,8,2.83,10.738290533164012,0,0,1,0,0,0,0,0,0
853,8,1.96,11.526747893528285,0,0,0,1,0,0,1,0,1
854,8,2.3,10.643789274649537,0,0,1,0,0,0,1,0,1
855,8,1.9,10.826745953725876,0,0,1,0,0,1,0,0,1
856,4,2.0,10.082583913974387,0,0,1,0,0,1,0,0,1
857,8,1.28,11.822932862391925,0,0,0,0,0,1,0,0,1
858,8,1.62,10.450993742936223,0,0,1,0,0,1,0,0,1
859,4,2.2,10.126163794678414,0,0,1,0,0,1,0,0,0
860,8,2.3,10.7215735450074,0,0,1,0,0,1,0,0,1
861,8,1.84,11.18267988243989,0,0,1,0,0,0,0,0,1
862,4,1.05,11.134075023561454,0,0,1,0,0,1,0,0,1
863,8,2.5,10.900173422280696,1,0,0,0,0,0,1,0,0
864,16,1.29,11.68979217108122,0,0,0,1,0,1,0,0,1
865,4,2.07,10.78900562574303,0,0,1,0,0,1,0,0,1
866,8,1.2,10.974070668482735,0,0,0,1,0,1,0,0,1
867,8,1.37,11.551145677789926,0,0,0,0,0,1,0,0,1
868,8,1.56,10.780175546294757,0,0,1,0,0,1,0,0,1
869,8,2.23,11.458805442305984,0,0,0,0,1,0,1,0,1
870,4,2.38,10.9368570721423,0,0,1,0,0,1,0,0,1
871,4,2.2,10.147261623643049,0,0,1,0,0,0,0,0,0
872,8,2.0,11.211180167298885,0,0,1,0,0,1,0,0,1
873,4,1.44,10.575431525444971,0,0,1,0,0,1,0,0,1
874,16,1.23,11.49796125761926,0,0,0,1,0,0,1,0,1
875,8,1.6,11.408044834149251,0,0,0,1,0,1,0,0,1
876,4,2.0,9.964497380151284,0,0,1,0,0,1,0,0,0
877,8,1.28,10.81610755552082,0,0,0,1,0,0,1,0,1
878,4,2.18,10.79174911168878,0,0,1,0,0,0,1,0,1
879,4,2.04,10.70777173269934,0,0,1,0,0,1,0,0,1
880,4,1.28,11.41394455627644,0,0,0,0,0,1,0,0,1
881,4,2.3,10.504687851059666,0,0,0,0,0,1,0,0,1
882,4,1.65,9.827763506006608,0,0,1,0,0,1,0,0,1
883,8,2.2,10.481345086360362,0,0,1,0,0,0,1,0,1
884,4,2.2,9.88635767027266,0,0,1,0,0,1,0,0,1
885,4,1.28,11.470547260182666,0,0,0,0,0,1,0,0,1
886,4,2.18,10.09739572450197,0,0,1,0,0,0,0,0,0
887,12,2.2,11.198054049689478,1,0,0,0,0,0,1,0,1
888,4,1.25,9.669293165034832,0,1,0,0,0,1,0,0,0
889,4,2.8,9.91309723131456,0,0,1,0,0,0,0,0,1
890,4,1.95,11.118388427393754,0,0,1,0,0,1,0,0,1
891,16,1.42,11.219074000897615,0,0,0,0,0,1,0,0,1
892,8,1.17,11.413356147904066,0,0,0,1,0,1,0,0,1
893,8,1.32,11.470547260182666,0,0,0,1,0,1,0,0,1
894,16,2.43,11.857498515504204,1,0,0,0,0,0,1,0,1
895,8,1.05,11.271974295006054,0,0,1,0,0,1,0,0,1
896,8,2.62,10.809669765045973,1,0,0,0,0,0,1,0,0
897,8,2.04,10.777955789556444,0,0,1,0,0,0,1,0,1
898,4,2.18,10.395555954379276,0,0,1,0,0,0,0,0,1
899,8,1.9,10.81610755552082,0,0,1,0,0,1,0,0,1
900,8,1.24,11.582992127736915,0,0,0,0,0,1,0,0,1
901,32,3.58,11.129394827810977,1,0,0,0,0,0,1,0,1
902,16,1.22,11.383485348791732,0,0,0,0,0,1,0,0,1
903,8,1.13,11.600668174471034,0,0,0,1,0,1,0,0,1
904,8,1.95,11.557785126252114,0,0,1,0,0,1,0,0,1
905,16,1.08,11.624777346052769,0,0,0,1,0,1,0,0,1
906,8,1.26,11.277383368370064,0,1,0,0,0,1,0,0,1
907,4,2.2,9.858883414720411,0,0,1,0,0,1,0,0,0
908,8,2.6,10.646327347078008,0,0,1,0,0,0,1,0,1
909,8,0.98,11.52464373704442,0,0,0,1,0,1,0,0,1
910,8,1.6,11.06979587215689,0,0,1,0,0,1,0,0,1
911,8,1.09,12.01471841670537,0,0,0,1,0,1,0,0,1
912,6,2.2,10.646327347078008,0,0,1,0,0,0,1,0,1
913,8,2.04,10.902128245864017,0,0,1,0,0,0,1,0,1
914,4,2.4,10.188167121983652,0,0,1,0,0,1,0,0,1
915,4,1.44,10.756618652168314,0,0,1,0,0,1,0,0,1
916,8,1.49,10.842494310694017,0,0,1,0,0,1,0,0,1
917,16,2.7,11.352694739066088,1,0,0,0,0,0,1,0,1
918,16,2.6,11.18267988243989,1,0,0,0,0,0,1,0,1
919,8,2.2,10.996564630149608,1,0,0,0,0,0,1,0,1
920,4,2.18,10.504965265847654,0,0,1,0,0,0,0,0,1
921,8,1.84,11.143362500418624,0,0,0,1,0,0,0,0,1
922,8,1.39,11.02220830408089,0,0,0,1,0,1,0,0,1
923,16,2.4,11.563884703567355,0,0,1,0,0,0,1,0,1
924,8,1.37,11.484896292248726,0,0,0,0,0,1,0,0,1
925,4,1.95,10.56846856468972,0,0,1,0,0,1,0,0,1
926,8,1.36,11.38409159312676,0,0,0,1,0,1,0,0,1
927,8,2.31,11.036037392231934,0,0,1,0,0,1,0,0,1
928,4,2.18,10.538089862097848,0,0,1,0,0,1,0,0,1
929,4,1.95,11.02220830408089,0,0,1,0,0,1,0,0,1
930,4,2.2,9.70890230312988,0,0,1,0,0,1,0,0,1
931,4,1.26,11.340108040487776,0,0,0,1,0,1,0,0,1
932,4,1.86,9.641641633704324,0,0,1,0,0,1,0,0,0
933,16,1.3,11.470547260182666,0,0,0,0,0,1,0,0,1
934,4,1.47,10.983161640183988,0,0,1,0,0,1,0,0,1
935,8,1.26,11.395540949893968,0,1,0,0,0,1,0,0,1
936,4,2.18,10.30099467974321,0,0,1,0,0,1,0,0,1
937,8,2.2,11.064804181259648,1,0,0,0,0,0,1,0,1
938,8,1.36,11.377402604975964,0,0,0,1,0,1,0,0,1
939,16,4.36,11.89782208458538,1,0,0,0,0,0,1,0,1
940,8,2.75,11.219074000897615,1,0,0,0,0,0,1,0,1
941,4,2.8,10.2484380327783,0,0,1,0,0,0,1,0,1
942,4,2.23,10.403666298916727,0,0,1,0,0,1,0,0,1
943,8,2.2,10.99575173454406,0,0,1,0,0,1,0,0,1
944,8,1.1,11.144911042902732,0,0,0,0,0,1,0,0,1
945,16,2.5,10.882315804880689,1,0,0,0,0,0,0,0,1
946,8,1.36,11.27007418585674,0,0,0,1,0,1,0,0,1
947,8,2.2,10.50497986449436,0,0,1,0,0,0,1,0,0
948,4,2.36,10.46628456073464,0,0,1,0,0,0,0,0,1
949,4,1.68,9.83063294843456,0,0,1,0,0,1,0,0,0
950,8,2.0,11.69380197819145,0,0,0,0,1,0,1,0,1
951,8,1.36,11.45711672814165,0,0,0,1,0,1,0,0,1
952,8,1.2,11.261752740934517,0,0,1,0,0,1,0,0,1
953,8,1.2,11.030873869571886,0,0,0,0,0,1,0,0,0
954,8,1.7,11.281414342976868,0,0,0,1,0,1,0,0,1
955,16,4.36,12.031987793755118,1,0,0,0,0,0,1,0,1
956,8,1.24,11.52464373704442,0,0,0,0,0,1,0,0,1
957,4,1.45,10.62842405558548,0,0,0,0,0,1,0,0,1
958,8,1.3,11.120757161229305,0,0,0,1,0,1,0,0,1
959,4,1.25,9.93914036985058,0,0,0,0,0,1,0,0,0
960,8,1.2,11.311846686253432,0,0,1,0,0,1,0,0,1
961,8,1.36,11.448630114264333,0,0,0,1,0,1,0,0,1
962,12,2.4,10.892276046585742,0,0,1,0,0,0,1,0,1
963,8,1.1,11.465531925066934,0,0,0,1,0,1,0,0,1
964,8,2.04,10.716671227805325,0,0,1,0,0,0,1,0,1
965,4,2.25,10.118930877053268,0,0,1,0,0,0,0,0,0
966,4,1.9,10.690944412566814,0,0,1,0,0,1,0,0,1
967,4,2.04,10.50497986449436,0,0,1,0,0,1,0,0,1
968,32,4.42,12.030401247333158,1,0,0,0,0,0,1,0,1
969,6,2.4,10.519472871796928,0,0,1,0,0,0,1,0,1
970,16,1.22,11.52464373704442,0,0,0,0,0,1,0,0,1
971,8,1.5,11.55778003196968,0,0,0,1,0,1,0,0,1
972,32,4.42,11.91293572239543,1,0,0,0,0,0,1,0,1
973,8,1.95,11.048830743691845,0,0,1,0,0,1,0,0,1
974,16,2.73,11.601107316686976,1,0,0,0,0,0,1,0,1
975,8,2.04,10.862092668762644,0,0,1,0,0,0,1,0,1
976,4,1.7,10.885314307876945,0,0,1,0,0,1,0,0,1
977,16,2.3,11.470547260182666,0,0,0,0,0,0,1,0,1
978,6,2.04,10.336863503805128,0,0,1,0,0,1,0,0,1
979,16,2.99,11.442360501250736,1,0,0,0,0,0,1,0,1
980,12,2.19,11.144911042902732,0,0,0,0,0,1,0,0,1
981,4,1.2,11.061462490597744,0,0,1,0,0,1,0,0,1
982,6,2.2,10.283659467741664,0,0,1,0,0,0,0,0,1
983,4,2.3,10.450993742936223,0,0,1,0,0,1,0,0,1
984,4,1.75,10.794485091507656,0,0,1,0,0,1,0,0,1
985,4,2.25,10.370822624347584,0,0,1,0,0,0,0,0,1
986,8,2.04,10.667644768738764,0,0,1,0,0,1,0,0,1
987,8,2.5,11.056428922922915,1,0,0,0,0,0,1,0,1
988,8,2.36,10.594300009749354,0,0,1,0,0,0,0,0,1
989,8,1.6,10.99575173454406,0,0,1,0,0,1,0,0,1
990,8,0.97,11.529371878240363,0,1,0,0,0,1,0,0,1
991,4,2.1,10.188167121983652,0,0,1,0,0,0,0,0,1
992,4,1.9,9.576276649067632,0,0,1,0,0,1,0,0,0
993,8,2.3,11.18267988243989,0,0,1,0,0,1,0,0,1
994,8,1.68,10.765658261746038,0,0,0,0,0,1,0,0,1
995,8,1.4,11.02307824758943,0,0,1,0,0,1,0,0,1
996,8,1.11,11.18267988243989,0,0,0,1,0,1,0,0,1
997,4,2.4,9.915732278952564,0,0,1,0,0,1,0,0,1
998,16,2.5,11.470547260182666,1,0,0,0,0,0,1,0,1
999,8,1.48,11.6200017877887,0,0,0,1,0,1,0,0,1
1000,8,2.7,11.114428026177658,1,0,0,0,0,0,1,0,1
1001,8,1.34,11.056428922922915,0,0,1,0,0,1,0,0,1
1002,4,2.18,10.280009828654116,0,0,1,0,0,1,0,0,1
1003,4,1.64,10.633572072102885,0,0,1,0,0,1,0,0,1
1004,4,1.2,11.061462490597744,0,0,1,0,0,1,0,0,1
1005,4,1.48,10.978617394068182,0,0,1,0,0,1,0,0,1
1006,4,1.95,11.06979587215689,0,0,1,0,0,1,0,0,1
1007,8,1.43,11.254189968552817,0,0,0,1,0,1,0,0,1
1008,8,1.64,10.931401459017524,0,0,1,0,0,0,1,0,1
1009,4,1.64,10.503518943854685,0,0,1,0,0,1,0,0,1
1010,8,2.65,10.83096982484206,1,0,0,0,0,0,1,0,1
1011,4,1.26,11.314449160071012,0,0,0,1,0,1,0,0,1
1012,4,1.48,11.34705032144641,0,0,1,0,0,1,0,0,1
1013,8,1.54,11.518415853167008,0,0,0,1,0,1,0,0,1
1014,4,1.49,10.660172753900062,0,0,1,0,0,1,0,0,1
1015,8,1.5,11.07393666482292,0,0,1,0,0,1,0,0,1
1016,4,2.04,10.621938553982543,0,0,1,0,0,1,0,0,1
1017,16,2.4,11.971204630519404,0,0,1,0,0,0,1,0,1
1018,8,1.47,11.28209242517164,0,0,1,0,0,1,0,0,1
1019,8,1.43,11.684869359618002,0,0,1,0,0,1,0,0,1
1020,4,2.08,10.655147649183531,0,0,0,0,0,1,0,0,1
1021,8,1.2,11.34705032144641,0,0,0,1,0,1,0,0,1
1022,8,1.11,11.02220830408089,0,0,1,0,0,1,0,0,1
1023,8,1.64,11.053421883178572,0,0,1,0,0,0,1,0,1
1024,8,2.09,10.928710232504155,0,0,1,0,0,1,0,0,1
1025,4,1.26,11.32736089528991,0,0,0,1,0,1,0,0,1
1026,4,2.31,11.056428922922915,0,0,1,0,0,1,0,0,1
1027,4,1.95,10.941585213338248,0,0,1,0,0,1,0,0,1
1028,8,1.29,11.368208546953756,0,0,0,1,0,1,0,0,1
1029,8,2.63,10.9602773463504,0,0,1,0,0,0,1,0,1
1030,4,1.64,10.85594510841814,0,0,1,0,0,1,0,0,1
1031,6,2.1,9.989276182274937,0,0,1,0,0,0,0,0,1
1032,8,2.7,11.058781074545012,1,0,0,0,0,0,1,0,1
1033,8,1.95,11.061462490597744,0,0,1,0,0,1,0,0,1
1034,8,1.84,11.089508999068563,0,0,1,0,0,1,0,0,1
1035,8,1.26,11.18267988243989,0,0,0,1,0,1,0,0,1
1036,4,2.04,10.584910269399517,0,0,1,0,0,1,0,0,1
1037,8,1.47,11.428543355697592,0,0,0,1,0,1,0,0,1
1038,8,2.09,10.944364366779205,0,0,1,0,0,1,0,0,1
1039,8,1.64,10.893771459117888,0,0,1,0,0,1,0,0,1
1040,4,1.8,10.717261720884188,0,0,0,0,0,1,0,0,1
1041,2,1.45,9.326470842899342,0,0,1,0,0,1,0,0,1
1042,16,2.4,11.237488118934884,0,0,1,0,0,0,1,0,1
1043,8,2.3,10.93172544442196,0,0,1,0,0,1,0,0,1
1044,4,1.54,10.88331630521427,0,0,1,0,0,1,0,0,1
1045,8,1.84,11.626842862666368,0,0,1,0,0,1,0,0,1
1046,8,1.43,11.26789820240601,0,0,1,0,0,1,0,0,1
1047,16,3.78,11.318754369272693,1,0,0,0,0,0,1,0,1
1048,16,4.6,11.711863755958657,1,0,0,0,0,0,1,0,1
1049,4,1.2,9.638174223850264,0,1,0,0,0,1,0,0,0
1050,16,1.1,11.846490622987275,0,0,1,0,0,1,0,0,1
1051,8,1.91,10.862092668762644,0,0,1,0,0,0,1,0,1
1052,8,2.3,10.97315700921406,0,0,0,0,0,1,0,0,1
1053,4,2.04,10.862092668762644,0,0,1,0,0,1,0,0,1
1054,16,1.2,11.696022720831856,0,0,0,1,0,1,0,0,1
1055,4,2.31,10.533971572370383,0,0,1,0,0,1,0,0,1
1056,4,1.96,10.188167121983652,0,0,1,0,0,1,0,0,0
1057,8,2.4,10.082583913974387,0,0,1,0,0,0,0,0,1
1058,12,1.6,11.144911042902732,0,0,0,0,0,1,0,0,1
1059,16,2.94,11.481603204750256,1,0,0,0,0,0,1,0,1
1060,8,2.04,10.950974953688084,0,0,1,0,0,1,0,0,1
1061,16,4.0,10.881314302543595,1,0,0,0,0,0,1,0,0
1062,4,2.25,10.301710499387234,0,0,1,0,0,1,0,0,1
1063,16,2.32,10.873255868299651,0,0,1,0,0,0,0,0,1
1064,16,1.8,11.540318039137862,1,0,0,0,0,0,1,0,1
1065,8,1.29,11.260381938800736,0,0,0,1,0,1,0,0,1
1066,64,3.58,12.263341053320566,1,0,0,0,0,0,1,0,1
1067,8,1.62,10.657682154931749,0,0,0,0,0,1,0,0,1
1068,16,3.21,11.167743084945378,1,0,0,0,0,0,1,0,1
1069,8,0.92,11.145680569681762,0,0,0,1,0,1,0,1,0
1070,4,2.06,10.15346364564591,0,0,1,0,0,1,0,0,1
1071,4,2.31,11.064804181259648,0,0,1,0,0,1,0,0,1
1072,8,1.26,11.064804181259648,0,0,0,1,0,1,0,0,1
1073,8,1.49,10.969494001455322,0,0,1,0,0,1,0,0,1
1074,8,1.3,11.421848531521595,0,0,0,1,0,1,0,0,1
1075,8,3.0,10.46628456073464,0,0,1,0,0,0,0,0,1
1076,4,2.3,10.860047678274915,0,0,1,0,0,0,1,0,1
1077,16,3.78,11.799206957067089,1,0,0,0,0,0,1,0,1
1078,4,2.1,10.267130165790451,0,0,1,0,0,1,0,0,1
1079,4,2.31,10.821440901496183,0,0,1,0,0,1,0,0,1
1080,8,0.99,11.219074000897615,0,0,0,1,0,1,0,0,1
1081,32,4.6,12.05888963501851,1,0,0,0,0,0,1,0,1
1082,4,0.69,10.446778399351528,0,0,0,0,0,1,0,0,1
1083,16,1.3,11.600668174471034,0,0,0,1,0,1,0,0,1
1084,8,2.18,10.59563423276249,0,0,1,0,0,1,0,0,1
1085,4,1.54,10.913835810881007,0,0,1,0,0,1,0,0,1
1086,8,1.9,11.28544251205692,0,0,0,0,1,0,0,0,1
1087,8,1.7,11.064804181259648,0,0,1,0,0,1,0,0,1
1088,4,1.29,10.397183294038651,0,0,1,0,0,1,0,0,0
1089,4,2.4,9.933985719261916,0,0,1,0,0,0,0,0,1
1090,4,2.2,9.950616680806068,0,0,1,0,0,1,0,0,0
1091,4,1.86,9.82197089913809,0,0,1,0,0,1,0,0,0
1092,8,2.7,11.352694739066088,1,0,0,0,0,0,1,0,1
1093,4,1.4,10.682851144184026,0,0,0,1,0,0,0,0,1
1094,4,2.4,11.352694739066088,0,1,0,0,0,1,0,0,1
1095,8,2.4,10.658921971998408,0,0,1,0,0,0,1,0,1
1096,8,2.36,10.435152442572992,0,0,1,0,0,0,0,0,1
1097,8,2.6,11.352694739066088,1,0,0,0,0,0,1,0,1
1098,4,1.96,10.190169124654323,0,0,1,0,0,1,0,0,1
1099,16,4.3,11.715790550995315,1,0,0,0,0,0,1,0,1
1100,4,1.5,11.010081106005767,0,0,0,1,0,1,0,0,1
1101,4,1.5,11.037726951247386,0,0,0,1,0,1,0,0,1
1102,4,2.2,9.317895278196945,0,0,1,0,0,1,0,0,0
1103,8,3.0,11.947682155153789,0,0,0,0,1,0,0,0,1
1104,16,2.4,11.064804181259648,1,0,0,0,0,0,1,0,1
1105,8,1.5,11.229102177820836,0,0,0,1,0,1,0,0,1
1106,8,2.9,11.296213725139731,1,0,0,0,0,0,1,0,1
1107,4,2.1,10.740600003012675,0,0,0,0,0,1,0,0,1
1108,4,2.1,9.962013031516571,0,0,1,0,0,0,0,0,1
1109,16,2.59,11.175239371923306,1,0,0,0,0,0,1,0,1
1110,8,1.16,11.413356147904066,0,0,1,0,0,1,0,0,1
1111,4,2.24,10.620847035233894,0,0,1,0,0,0,0,0,1
1112,4,2.1,10.03701794516015,0,0,1,0,0,1,0,0,1
1113,8,1.16,11.56084210487126,0,0,0,1,0,1,0,0,1
1114,4,0.69,10.283659467741664,0,0,0,0,0,1,0,0,0
1115,8,1.23,11.204674904025437,0,0,0,1,0,1,0,0,1
1116,16,4.6,11.894913580522502,1,0,0,0,0,0,1,0,1
1117,8,1.25,10.911903762066183,0,0,0,1,0,1,0,0,1
1118,16,1.05,11.683522558067624,0,0,0,1,0,1,0,0,1
1119,8,3.52,11.155242401621267,1,0,0,0,0,0,1,0,1
1120,4,1.35,9.253675685462651,0,0,1,0,0,1,0,0,1
1121,8,1.16,11.408044834149251,0,0,1,0,0,1,0,0,1
1122,8,1.43,11.29741074002049,0,0,1,0,0,1,0,0,1
1123,4,2.09,10.236346354272076,0,0,1,0,0,1,0,0,0
1124,4,2.0,10.050907057320815,0,0,1,0,0,1,0,0,1
1125,8,1.8,11.395540949893968,0,0,0,0,0,1,0,0,1
1126,4,0.69,10.147261623643049,0,0,0,0,0,1,0,0,1
1127,8,1.26,11.52253514374866,0,0,0,1,0,1,0,0,1
1128,8,2.4,10.872255357854844,1,0,0,0,0,0,1,0,0
1129,8,3.35,11.004648590381796,1,0,0,0,0,0,1,0,1
1130,8,2.04,10.419692282932576,0,0,1,0,0,1,0,0,1
1131,8,1.8,11.601341447040118,0,0,0,0,0,0,1,0,1
1132,4,1.5,9.60318213992277,0,0,1,0,0,1,0,0,1
1133,8,1.84,10.598297350181973,0,0,0,1,0,1,0,0,1
1134,4,2.23,10.398807989765654,0,0,1,0,0,0,1,0,1
1135,16,2.5,10.977716980635757,0,0,1,0,0,0,0,0,1
1136,8,3.0,12.256879973855344,0,0,0,0,1,0,1,0,1
1137,8,2.5,10.639970046582542,0,0,1,0,0,0,0,0,1
1138,16,3.78,11.758368289071829,1,0,0,0,0,0,1,0,1
1139,8,1.88,11.658835785532077,0,0,0,1,0,1,0,0,1
1140,16,2.8,11.775314344519382,0,0,0,0,0,1,0,0,1
1141,8,2.4,11.016797696588752,1,0,0,0,0,0,1,0,1
1142,8,1.48,11.37128263483418,0,0,0,0,0,1,0,0,1
1143,8,2.59,11.684869359618002,0,0,0,0,1,0,1,0,1
1144,8,1.48,11.470547260182666,0,0,0,0,0,1,0,0,1
1145,8,2.0,11.52464373704442,0,0,0,0,1,0,1,0,1
1146,8,1.26,11.71489846116146,0,0,0,1,0,1,0,0,1
1147,8,2.18,10.893167621264643,0,0,1,0,0,0,1,0,1
1148,8,1.88,11.340108040487776,0,0,1,0,0,1,0,0,1
1149,8,1.27,11.733039792816312,0,0,0,0,0,1,0,0,1
1150,4,1.9,9.801561133612584,0,0,1,0,0,1,0,0,0
1151,4,1.86,9.669293165034832,0,0,1,0,0,0,0,0,1
1152,8,2.32,10.370822624347584,0,0,1,0,0,0,0,0,0
1153,8,2.62,11.064804181259648,1,0,0,0,0,0,1,0,1
1154,8,2.04,11.694548697992886,0,0,1,0,0,0,1,0,1
1155,4,1.91,10.147031952176633,0,0,1,0,0,0,0,0,1
1156,16,2.7,11.283969856325212,1,0,0,0,0,0,1,0,1
1157,12,1.4,11.715790550995315,0,0,0,1,0,1,0,0,1
1158,8,2.5,10.645680750246626,0,0,1,0,0,0,0,0,1
1159,8,1.48,11.596756189041978,0,0,0,0,0,1,0,0,1
1160,8,1.7,11.288114524334732,0,0,0,1,0,1,0,0,1
1161,16,1.7,11.45373072039192,1,0,0,0,0,0,1,0,1
1162,8,2.62,10.776844060703754,1,0,0,0,0,0,1,0,1
1163,8,2.2,10.104611236292678,0,0,1,0,0,1,0,0,1
1164,4,2.1,10.143056552540132,0,0,1,0,0,1,0,0,0
1165,8,2.62,11.2874471903093,1,0,0,0,0,0,1,0,1
1166,8,1.95,11.212620052356872,0,0,1,0,0,1,0,0,1
1167,4,2.2,10.12402932214978,0,0,1,0,0,0,1,0,1
1168,2,1.44,9.49301392269684,0,0,1,0,0,1,0,0,1
1169,8,2.2,10.70777173269934,1,0,0,0,0,0,1,0,1
1170,8,1.96,10.49618215379083,0,0,1,0,0,1,0,0,1
1171,16,2.1,11.030873869571886,0,0,1,0,0,1,0,0,1
1172,4,2.2,9.88635767027266,0,0,1,0,0,1,0,0,1
1173,4,2.1,9.962013031516571,0,0,1,0,0,1,0,0,0
1174,8,2.2,10.53941655276426,0,0,1,0,0,0,1,0,0
1175,4,2.0,10.620651995737775,0,0,1,0,0,1,0,0,1
1176,4,2.32,10.690944412566814,0,0,1,0,0,1,0,0,1
1177,16,3.31,11.149519345988928,1,0,0,0,0,0,1,0,1
1178,16,1.91,11.650350362059475,1,0,0,0,0,0,1,0,1
1179,4,2.07,10.452533389121816,0,0,1,0,0,1,0,0,1
1180,8,1.36,11.37618160360327,0,0,0,0,0,1,0,0,1
1181,6,1.54,10.698190821087582,0,0,0,1,0,0,1,0,1
1182,8,1.98,10.772395917628929,0,0,1,0,0,0,1,0,0
1183,4,2.1,9.783703516212578,0,0,1,0,0,1,0,0,1
1184,6,2.18,10.658921971998408,0,0,1,0,0,0,1,0,1
1185,8,2.591,10.787906120409612,1,0,0,0,0,0,1,0,1
1186,16,2.09,11.047982926769505,0,0,0,0,0,1,0,0,1
1187,4,2.23,10.513700849999804,0,0,1,0,0,0,1,0,1
1188,8,1.23,10.977716980635757,0,0,0,1,0,1,0,0,0
1189,16,4.2,11.838443060873624,1,0,0,0,0,0,1,0,1
1190,8,2.4,10.683645110085203,1,0,0,0,0,0,1,0,1
1191,4,1.86,10.159709917169616,0,0,1,0,0,1,0,0,1
1192,8,0.92,11.034319178750795,0,0,0,1,0,1,0,1,0
1193,8,1.6,11.064804181259648,0,0,0,0,0,1,0,0,1
1194,12,2.21,11.166237060564342,0,0,1,0,0,0,1,0,1
1195,4,1.9,9.883643964401063,0,0,1,0,0,0,0,0,0
1196,16,4.3,11.648784147353842,1,0,0,0,0,0,1,0,1
1197,4,2.1,9.58136309252813,0,0,1,0,0,1,0,0,0
1198,16,2.43,11.600619368985289,1,0,0,0,0,0,1,0,1
1199,4,2.3,10.188167121983652,0,0,1,0,0,0,0,0,1
1200,8,2.2,10.419692282932576,0,0,1,0,0,0,1,0,0
1201,16,2.0,11.134075023561454,0,0,0,0,0,1,0,0,1
1202,16,1.2,11.869133099737036,0,0,0,1,0,1,0,0,1
1203,8,2.2,11.039464987704202,1,0,0,0,0,0,1,0,1
1204,8,2.36,10.765658261746038,0,0,1,0,0,0,0,0,1
1205,8,1.91,10.336863503805128,0,0,1,0,0,1,0,0,1
1206,4,2.2,9.67600459962282,0,0,1,0,0,0,0,0,1
1207,8,3.3,10.419692282932576,0,0,1,0,0,0,1,0,1
1208,16,2.2,11.7789960831843,1,0,0,0,0,0,1,0,1
1209,8,0.92,11.129394827810977,0,0,0,1,0,1,0,1,0
1210,16,2.2,11.442360501250736,0,0,1,0,0,0,1,0,1
1211,16,2.43,11.550627594890203,1,0,0,0,0,0,1,0,1
1212,8,2.191,10.882315804880689,0,0,0,0,0,1,0,0,1
1213,16,2.9,11.550632725739694,1,0,0,0,0,0,1,0,1
1214,2,1.3,9.134616325446665,0,1,0,0,0,1,0,0,0
1215,4,3.3,10.369151780182763,0,0,1,0,0,0,1,0,1
1216,8,2.8,10.265276597141131,0,0,1,0,0,1,0,0,0
1217,8,2.6,11.1239067701322,1,0,0,0,0,0,1,0,1
1218,8,1.2,11.02220830408089,0,0,0,0,0,1,0,0,1
1219,8,2.3,11.307930232161196,0,0,1,0,0,1,0,0,1
1220,8,2.2,11.272726554360904,1,0,0,0,0,0,1,0,1
1221,6,2.1,10.246549458090431,0,0,1,0,0,0,0,0,1
1222,8,1.26,11.421778496562451,0,0,0,1,0,1,0,0,1
1223,4,2.08,10.208009042782656,0,0,0,0,0,1,0,0,1
1224,4,2.65,9.70890230312988,0,0,1,0,0,1,0,0,1
1225,8,1.29,11.273329308763511,0,0,0,1,0,1,0,0,1
1226,4,2.18,10.23296037890921,0,0,1,0,0,1,0,0,0
1227,16,2.6,10.911903762066183,1,0,0,0,0,0,1,0,1
1228,8,2.2,11.02220830408089,1,0,0,0,0,0,1,0,1
1229,16,1.3,11.38409159312676,0,1,0,0,0,1,0,0,1
1230,16,1.95,12.135793518599822,1,0,0,0,0,0,1,0,1
1231,8,2.3,10.126185116412724,0,0,1,0,0,1,0,0,1
1232,16,2.7,11.352069152558354,1,0,0,0,0,0,1,0,1
1233,4,1.08,10.841452101115571,0,0,0,1,0,1,0,1,0
1234,4,2.1,10.14517175872359,0,0,1,0,0,1,0,0,1
1235,8,1.54,11.670950599679989,0,0,0,1,0,1,0,0,1
1236,4,2.24,10.578148918421473,0,0,1,0,0,1,0,0,1
1237,8,2.3,11.039464987704202,1,0,0,0,0,0,1,0,1
1238,16,1.4,11.288114524334732,0,0,1,0,0,1,0,0,1
1239,6,2.2,10.368432457987426,0,0,1,0,0,0,0,0,1
1240,8,1.45,11.130176383145796,0,0,0,1,0,1,0,0,1
1241,4,2.4,9.866652599193328,0,0,1,0,0,1,0,0,0
1242,16,2.77,11.470547260182666,0,0,0,0,0,0,1,0,1
1243,4,1.54,10.978617394068182,0,0,1,0,0,1,0,0,1
1244,16,2.5,11.353319934460009,1,0,0,0,0,0,1,0,1
1245,4,1.6,10.749784912589748,0,0,1,0,0,1,0,0,1
1246,16,2.34,11.727036344253593,1,0,0,0,0,0,1,0,1
1247,8,2.3,10.326446742946873,0,0,1,0,0,1,0,0,0
1248,8,1.24,11.478299236986985,0,0,0,0,0,1,0,0,1
1249,4,2.2,9.756304542024465,0,0,1,0,0,1,0,0,0
1250,4,1.86,9.964522443121997,0,0,1,0,0,0,0,0,1
1251,6,2.4,10.319441460358464,0,0,1,0,0,0,1,0,1
1252,8,1.9,10.952842367862882,0,0,1,0,0,1,0,0,1
1253,4,2.2,10.0713630658882,0,0,1,0,0,1,0,0,1
1254,4,2.0,9.801561133612584,0,0,1,0,0,1,0,0,1
1255,16,4.0,11.525170191386666,1,0,0,0,0,0,1,0,1
1256,4,2.29,10.169966417336806,0,0,1,0,0,1,0,0,1
1257,8,2.32,10.772384744506988,0,0,1,0,0,0,0,0,1
1258,8,2.4,11.089517135798168,1,0,0,0,0,0,1,0,1
1259,4,1.8,10.70060667312884,0,0,0,0,0,1,0,0,1
1260,8,1.2,10.567234758240792,0,0,0,1,0,1,0,0,1
1261,6,2.3,10.104611236292678,0,0,1,0,0,1,0,0,1
1262,4,2.4,9.641987714344566,0,0,1,0,0,1,0,0,0
1263,2,2.2,9.91309723131456,0,0,1,0,0,1,0,0,1
1264,8,2.6,10.776844060703754,0,0,1,0,0,0,1,0,1
1265,6,2.04,10.285461122475176,0,0,1,0,0,0,0,0,1
1266,8,2.3,10.667632361713904,0,0,1,0,0,0,0,0,0
1267,2,1.17,9.317895278196945,0,1,0,0,0,1,0,0,1
1268,4,2.2,10.5552565839505,0,0,1,0,0,0,1,0,1
1269,4,1.8,10.433899309576924,0,0,0,0,0,1,0,0,1
1270,16,1.3,11.288114524334732,0,0,0,0,0,1,0,0,1
1271,2,1.5,9.409283029786373,0,0,1,0,0,1,0,0,1
1272,6,2.19,10.614128815398654,0,0,1,0,0,0,0,0,1
